tt,zc,vv,ff,rcn,b2,b3,b4,a1,a2,a3
0,1,-1,0,0.00797931509060067,0,0,0,0,0,0
0.0487067348997399,0.949016815272219,-0.999880347676593,2.03086699020231e-06,0.300072629862687,-0.000609821034729409,-0.000731236034807147,-0.000855958743210198,-0.00016888668544204,-0.000169047319803937,-0.000169311477447015
0.0974134697994798,0.898438030510178,-0.99194927039094,1.98024048121949e-05,0.437137725783277,-0.00258960883801691,-0.0039789429311085,-0.00523183449604909,-0.000338302044548396,-0.000340350649988741,-0.000343750953951614
0.14612020469922,0.848485519220301,-0.979666818040596,2.97020872534408e-05,0.538159224786611,-0.00647678333175729,-0.0102164581222227,-0.0127077120796037,-0.000508512649883534,-0.000515043620132608,-0.000525886558876864
0.19482693959896,0.799434590196897,-0.961985019720744,4.19859767582261e-05,0.62050474142335,-0.0128490665218079,-0.0196550098048587,-0.0221531684238276,-0.000679849810284057,-0.000694534256716249,-0.000718905242203592
0.243533674498699,0.75152873885069,-0.939527798342648,5.28503980265339e-05,0.689010272935421,-0.02205624198465,-0.0318252083902421,-0.0315585266452281,-0.000852606167029427,-0.000880064626664535,-0.000925610809982692
0.292240409398439,0.704950955782733,-0.913481772012875,6.10151801556266e-05,0.746921357034156,-0.0341618439757918,-0.0456576443894176,-0.0386752543328422,-0.00102700091664041,-0.00107256317456245,-0.00114808970724358
0.340947144298179,0.659793940994932,-0.885617716648069,6.51513232938777e-05,0.795294234135395,-0.048905246471046,-0.0596463139246238,-0.0416421250490035,-0.00120314371836479,-0.0012724916636199,-0.001387365379945
0.389653879197919,0.616201450821425,-0.854934317334313,7.15655278550392e-05,0.835915455721018,-0.0660816284999387,-0.0724937782401176,-0.0396548926986289,-0.001381206101098,-0.00148057440136373,-0.00164505439840966
0.438360614097659,0.574324144656577,-0.821296191507841,7.82877372122497e-05,0.870021101076907,-0.0854325162558854,-0.0830423820564254,-0.0328196383002324,-0.00156136791965627,-0.00169757045750463,-0.00192284915282445
0.487067348997399,0.534239853398654,-0.786131648961148,8.1760441950075e-05,0.89812614119659,-0.106492200734763,-0.0902269175170414,-0.0220267974998031,-0.00174372069615372,-0.00192386297508524,-0.00222158727706317
0.535774083897139,0.4959687986234,-0.750570521613155,8.26627000950316e-05,0.920775744939762,-0.12866350746481,-0.0932566319449051,-0.00879764492100372,-0.00192828608887034,-0.00215953796350237,-0.00254143148314504
0.584480818796879,0.459538633545615,-0.714467060431466,8.38965474768201e-05,0.938776147229883,-0.151373761379904,-0.0917704637250456,0.00505528173429149,-0.00211509474704477,-0.00240471943493247,-0.00288262930162651
0.633187553696618,0.42498297105277,-0.677704384534316,8.53963070348055e-05,0.952905923912441,-0.174082209749302,-0.0858170769040671,0.0177785150300102,-0.00230418452389805,-0.00265956177054592,-0.00324549561403316
0.681894288596358,0.39233780649197,-0.640235769210912,8.70023685759897e-05,0.963814717169923,-0.196282885139232,-0.0758080313549965,0.0279552241492751,-0.00249559613780754,-0.00292423125009018,-0.00363037065456148
0.730601023496098,0.361606265043581,-0.602705862964821,8.71418097094508e-05,0.971966049895305,-0.217457524004512,-0.0624392351544114,0.0346471378835675,-0.00268933044052486,-0.00319872457918187,-0.00403720918761344
0.779307758395838,0.332769654769486,-0.565542542323091,8.63078018345265e-05,0.977743674267423,-0.237108700350832,-0.0466331041788871,0.0374862557723763,-0.00288536181691284,-0.00348292581586818,-0.00446570947316998
0.828014493295578,0.305804578407744,-0.528838087923768,8.52638490574591e-05,0.981512674767669,-0.254796698554265,-0.0294633382815765,0.0366766288600086,-0.00308365892663951,-0.00377669443985646,-0.00491551258717059
0.876721228195318,0.280694480083417,-0.49245832673611,8.45251493042742e-05,0.98361429081524,-0.270162067681168,-0.0120670086391333,0.032903852447549,-0.00328419869866,-0.00407992474662904,-0.00538633674063901
0.925427963095058,0.257429311449799,-0.456275633355259,8.40768062683875e-05,0.984335865895811,-0.282926878306964,0.00444535607992194,0.0271707415215374,-0.00348696592477722,-0.00439254409118195,-0.00587797319317026
0.974134697994798,0.235994712004317,-0.420374577623799,8.3436060929035e-05,0.983896976163349,-0.292879557963835,0.0190704306758159,0.0205954349572147,-0.00369194014425409,-0.00471445718680455,-0.00639016015518338
1.02284143289454,0.216365791634842,-0.384961665857896,8.23254992852387e-05,0.982460709432528,-0.299865349427784,0.0309779282401352,0.0142274357246633,-0.00389908810736085,-0.00504551409827636,-0.00692251034009246
1.07154816779428,0.198509753547551,-0.35019196360871,8.08621526731872e-05,0.980169891967797,-0.303788913854271,0.0395567909265201,0.00890991067180563,-0.00410836695471311,-0.00538552373791676,-0.00747454151041374
1.12025490269402,0.182393088628456,-0.316079440873176,7.93670233415777e-05,0.977162537264272,-0.30462225855885,0.0444424954306701,0.00519782670424534,-0.0043197329374489,-0.00573429088481008,-0.0080457602471049
1.16896163759376,0.167986123594947,-0.282548869467165,7.80430433874519e-05,0.973553989677107,-0.302407733065512,0.0455260279778558,0.00332727697503691,-0.00453314692980424,-0.006091639584703,-0.00863571489810561
1.2176683724935,0.155262414804629,-0.249536909805208,7.68631654178187e-05,0.969409143987255,-0.29725280769879,0.04294531665908,0.00322953884993456,-0.00474857369423872,-0.0064574100275245,-0.00924398852167773
1.26637510739324,0.144195869308033,-0.217036684110589,7.56989348709867e-05,0.964721997801618,-0.289320977101258,0.0370608165350501,0.00458462505351622,-0.00496597839195035,-0.00683144373245697,-0.00987016538351481
1.31508184229298,0.134759332213401,-0.18506901915647,7.44873219593781e-05,0.959416680451603,-0.278824744934421,0.0284165637217721,0.00690424526591239,-0.00518532487101689,-0.00721357628546634,-0.0105138145648622
1.36378857719272,0.126925707963596,-0.153632751274462,7.32783564747002e-05,0.953366898062406,-0.266022555130613,0.0176892486496482,0.00962768438525665,-0.00540657702625096,-0.00760364312524868,-0.0111745031248693
1.41249531209246,0.12067015158812,-0.122683742041967,7.21698089867868e-05,0.946409737422136,-0.251217023742747,0.00563116348569866,0.0122142003611804,-0.00562970145602094,-0.00800149083738435,-0.011851821733678
1.4612020469922,0.115970378405129,-0.0921717791719207,7.11754979618773e-05,0.938360774892632,-0.234749821898603,-0.0069882452821843,0.0142138255968578,-0.00585466783855427,-0.00840697876836482,-0.0125453884103772
1.50990878189194,0.112804562091959,-0.0620878733408712,7.02016382761891e-05,0.92901642057521,-0.216991699876412,-0.0194356422705259,0.0153114508368363,-0.00608144638489353,-0.00881996822363769,-0.0132548241483807
1.55861551679168,0.111147164357746,-0.0325048235329402,6.9062155812843e-05,0.918165909517904,-0.198328143226088,-0.0310585529861574,0.0153416150177037,-0.00631000278463769,-0.00924030101736602,-0.0139797044327703
1.60732225169142,0.110965115517622,-0.00357033517087578,6.75866331878658e-05,0.905604254631864,-0.179144553352547,-0.0413189356702841,0.0142816907557864,-0.00654029357682272,-0.00966777982223198,-0.0147195148119553
1.65602898659116,0.112216841594689,0.0245488058821045,6.57316610654319e-05,0.891169549039156,-0.159815892053987,-0.049817365125569,0.0122282439611792,-0.00677226497128446,-0.010102163171826,-0.0154736396393118
1.7047357214909,0.114853164690393,0.0517034717935883,6.35374126999515e-05,0.874750095169835,-0.140699366266447,-0.0563055751820723,0.00936452331158443,-0.00700585394053194,-0.0105431701012785,-0.0162413726196453
1.75344245639064,0.118814291032767,0.077685464443841,6.08694990586461e-05,0.856289901791194,-0.122119386250295,-0.0606807417465181,0.00592168639626273,-0.0072409845686316,-0.0109904646333399,-0.017021881682517
1.80214919129038,0.124027565169701,0.102242541033929,5.76277154175344e-05,0.835803790233482,-0.104353771841458,-0.0629671661174498,0.00214690657537447,-0.00747756532842112,-0.0114436441986464,-0.0178141827315847
1.85085592619012,0.130415102052957,0.125272138916571,5.41525945845385e-05,0.81346720659992,-0.0876413765363029,-0.0633061437008342,-0.00172110692971595,-0.00771549833387624,-0.0119022789399263,-0.0186172287039192
1.89956266108986,0.137895304566922,0.146701457162575,5.05118465487166e-05,0.789587573266632,-0.0721785215998567,-0.061929808470777,-0.00546971680547408,-0.00795468117966104,-0.0123659195190064,-0.0194299272589114
1.9482693959896,0.146381714643261,0.166435162945647,4.66542096691334e-05,0.764550376409917,-0.0581108159480125,-0.0591252316464381,-0.00891817409550832,-0.00819500554793862,-0.0128340911837872,-0.0202511273171985
1.99697613088934,0.155794692258895,0.184606971519045,4.31007843376562e-05,0.738859885574714,-0.0455567544893957,-0.0552318491214297,-0.0119325225754846,-0.00843637136888232,-0.013306353966524,-0.0210797556289736
2.04568286578907,0.166058524793264,0.201293906956879,3.97225941589015e-05,0.712893979714469,-0.0345995736890499,-0.0506055731557253,-0.0144232351495625,-0.00867868331660335,-0.0137822877973083,-0.0219147830874079
2.09438960068881,0.177099650880756,0.216538159592188,3.64403899369914e-05,0.686868822361487,-0.0252828310469111,-0.0455884390274517,-0.0163395019935385,-0.00892184865663267,-0.0142614833677585,-0.0227552041014907
2.14309633558855,0.188852300569677,0.230492534348808,3.35058275981514e-05,0.660941069510243,-0.0176260160846974,-0.0405076628817795,-0.0176811439898016,-0.0091657840866948,-0.0147435712520734,-0.0236001028408961
2.19180307048829,0.201251994617047,0.243182344558636,3.06288548588257e-05,0.6350238666368,-0.0116098232065291,-0.0356375800118431,-0.0184755192037695,-0.00941040785550867,-0.0152281884117444,-0.0244485773370319
2.24050980538803,0.214235054146937,0.254623286990915,2.77875933667626e-05,0.608978175317729,-0.00717736566002097,-0.0311868259572648,-0.0187683847411195,-0.00965563916984709,-0.015714975700195,-0.025299733959856
2.28921654028777,0.227741999093294,0.264897708550802,2.51336768401276e-05,0.582729586140749,-0.00424639807311836,-0.0273060980798456,-0.0186298978289741,-0.00990140231753077,-0.0162035954336271,-0.0261527274786706
2.33792327518751,0.241715547934585,0.274048727012778,2.25778562644497e-05,0.556155063491058,-0.00270716337515961,-0.0240781630879634,-0.0181369400856796,-0.0101476242432095,-0.016693721101478,-0.0270067378226438
2.38663001008725,0.256099758744397,0.282102614467154,2.00818065306965e-05,0.529352199609967,-0.00242353795338108,-0.0215164667838568,-0.0173599798158888,-0.0103942335080886,-0.0171850329626719,-0.0278609601998499
2.43533674498699,0.270843399555732,0.289151742465064,1.7795908532714e-05,0.502777401358697,-0.00324635326085592,-0.0195865787619113,-0.0163729716840433,-0.0106411643788224,-0.017677235471187,-0.0287146448251992
2.48404347988673,0.285900843521815,0.295306038418662,1.57601030815066e-05,0.476882788192521,-0.00501984788042735,-0.0182190254524062,-0.0152513053916376,-0.0108883579143961,-0.0181700619236289,-0.0295671076005221
2.53275021478647,0.301230695640241,0.300648497104377,1.39131165481649e-05,0.451872305029472,-0.00758163182797381,-0.0173132453807435,-0.0140588124782474,-0.0111357603017051,-0.0186632673940402,-0.0304177141605966
2.58145694968621,0.316796026775497,0.305266702939807,1.22653906871675e-05,0.427744404821533,-0.0107674694619846,-0.0167513354961557,-0.01284902213266,-0.011383323140594,-0.019156629968703,-0.0312658827937752
2.63016368458595,0.332564187323228,0.309244585932956,1.08086114612426e-05,0.404459673787723,-0.014414712840318,-0.0164098430015427,-0.011665727530537,-0.011631003218964,-0.0196499498085993,-0.0321110824158351
2.67887041948569,0.348506241510701,0.312654981613262,9.51753815612264e-06,0.381957573029217,-0.0183643532128037,-0.0161685429138565,-0.0105413785688524,-0.0118787618275829,-0.0201430462491507,-0.0329528260667199
2.72757715438543,0.364596114495757,0.315553998446136,8.35411553189966e-06,0.360357339616971,-0.0224618937789986,-0.0159160301680204,-0.00949373832142617,-0.0121265637263638,-0.0206357534126091,-0.0337906610095328
2.77628388928517,0.38081074515216,0.318000741317704,7.32516065515042e-06,0.34004084761093,-0.0265610271334894,-0.015559134781748,-0.0085310986582573,-0.0123743773303783,-0.0211279210128158,-0.0346241706340997
2.82499062418491,0.397130386792613,0.320060212882736,6.44409136180976e-06,0.320970712546353,-0.030527461836989,-0.0150309931603886,-0.00765865147122152,-0.0126221750752096,-0.021619415922138,-0.0354529780871573
2.87369735908465,0.413538002000115,0.321785547250877,5.68390588208153e-06,0.302940419935742,-0.03423965837036,-0.0142917669568933,-0.0068775662300044,-0.012869932683405,-0.0221101190570102,-0.0362767392438782
2.92240409398439,0.43001854379748,0.323215780854665,5.01253101509358e-06,0.285725557499707,-0.037588856787262,-0.0133264255748392,-0.00618282318248673,-0.0131176282929609,-0.0225999216740459,-0.0370951343297208
2.97111082888414,0.446558730528504,0.324385535104484,4.41992227683319e-06,0.269038748260652,-0.0404803303951886,-0.0121435738292629,-0.00556550237194045,-0.0133652421846322,-0.023088724215836,-0.0379078653407358
3.01981756378387,0.463146630607593,0.325321287535533,3.88755178197633e-06,0.252921312247771,-0.0428336910764833,-0.0107714017817245,-0.00501296371619891,-0.0136127562785361,-0.023576434172723,-0.0387146512180618
3.06852429868362,0.47977170249315,0.326050299639708,3.41720308681158e-06,0.237221540868287,-0.044584304104654,-0.00925509695739127,-0.00451281060699691,-0.013860154182917,-0.0240629662959636,-0.0395152283715449
3.11723103358336,0.496424569442744,0.326595415415448,2.99882608493045e-06,0.221600235752978,-0.0456835279041682,-0.00765169150585539,-0.00405378057936907,-0.0141074209211535,-0.024548241439612,-0.0403093480786016
3.1659377684831,0.513096769447548,0.326974574584658,2.62126320440501e-06,0.20594926804828,-0.046098551759595,-0.00602426125922281,-0.00362586801292231,-0.0143545426286309,-0.0250321852735436,-0.041096773587258
3.21464450338284,0.529780691772346,0.327204472294125,2.28168294984246e-06,0.190048691751447,-0.0458125099284411,-0.0044371592110216,-0.00322158150843198,-0.0146015064759527,-0.0255147279602998,-0.0418772794113286
3.26335123828258,0.546469420922823,0.327298743582949,1.97312336234446e-06,0.173286487862273,-0.04482399322005,-0.00295090822049275,-0.00283569291669303,-0.0148483004798363,-0.0259958033530747,-0.0426506495334807
3.31205797318232,0.563156515475492,0.327266685910714,1.68571614530866e-06,0.15533696621974,-0.043146068574383,-0.00161728761069806,-0.00246401366787349,-0.0150949132349799,-0.026475347856806,-0.0434166748398957
3.36076470808206,0.57983594508251,0.327116361277926,1.41665054297348e-06,0.136916700684643,-0.0408055390913035,-0.000476250371944466,-0.00210344998140271,-0.0153413338377998,-0.0269533001064877,-0.0441751524146326
3.4094714429818,0.596502150857842,0.326857015976253,1.16862090051704e-06,0.11879290158825,-0.0378423516569889,0.00044543981024775,-0.00175289120353348,-0.0155875519598241,-0.0274296012829206,-0.0449258862841984
3.45817817788154,0.613150074206662,0.326498461698503,9.42913545054017e-07,0.100786548384391,-0.0343086832197783,0.00113473479152726,-0.00141355791160026,-0.0158335578828067,-0.0279041952653866,-0.0456686877906265
3.50688491278128,0.62977503621441,0.326048144720142,7.34146986781268e-07,0.0867563959176781,-0.0302673389678134,0.00159280842287097,-0.00108758921250514,-0.0160793423525479,-0.0283770280117518,-0.0464033742043144
3.55559164768102,0.646373076460059,0.32552015610995,5.57438594979686e-07,0.0662040612049676,-0.0257914671614996,0.00183171132093243,-0.000781074562640155,-0.0163248969900407,-0.0288480493132755,-0.0471297727446735
3.60429838258076,0.662939951925799,0.324908953590199,3.68121133926821e-07,0.0489954124108366,-0.0209597692347939,0.00187898808484326,-0.000493208498790331,-0.0165702130771419,-0.0293172076227682,-0.0478477088228949
3.6530051174805,0.679472166256013,0.324229180672413,2.12118685199188e-07,0.0489954124108366,-0.0158582523158935,0.00176816142401936,-0.000227573958165321,-0.0168152828053281,-0.029784455378759,-0.0485570181925039
3.70171185238024,0.695966415928361,0.323484619195712,6.47201848303165e-08,0.0489954124108366,-0.0105766945804387,0.00153955806191132,1.43559629368674e-05,-0.0170600986039174,-0.0302497461450716,-0.0492575404541508
3.75041858727998,0.712421250422136,0.3227116101602,0,0.0489954124108366,-0.00521232397239819,0.00122631175614173,0.000216101911991592,-0.0173046551541995,-0.030713043196769,-0.0499491386360747
3.79912532217972,0.72883666973734,0.321938601124688,0,0,0.000133458956871497,0.00085531233091884,0.000354964701890705,-0.017548948901152,-0.0311743174401958,-0.0506316944694896
3.84783205707946,0.745212673873973,0.321165592089177,0,0,0.00536177988568596,0.000455274795387538,0.000420870267181413,-0.0177929762937369,-0.0316335399146941,-0.0513050913199589
3.8965387919792,0.761549262832034,0.320392583053665,0,0,0.0103780725353298,5.47117899059389e-05,0.000415830086769868,-0.0180367337849522,-0.0320906817944262,-0.0519692142072926
3.94524552687894,0.777846436611524,0.319619574018153,0,0,0.0150937421552218,-0.000319931168729724,0.000351747554776412,-0.0182802178318834,-0.0325457143901828,-0.0526239498251437
3.99395226177868,0.794104195212443,0.318846564982642,0,0,0.0194276823332593,-0.000645866711176198,0.000247146565511424,-0.018523424895755,-0.0329986091511775,-0.0532691865603093
4.04265899667842,0.81032253863479,0.31807355594713,0,0,0.0233076201182006,-0.000905198199269469,0.00012346287230857,-0.0187663514419819,-0.0334493376668434,-0.0539048145117176
4.09136573157816,0.826501466878565,0.317300546911618,0,0,0.0266712681672958,-0.00108573903438701,1.50076939087796e-06,-0.0190089939402209,-0.0338978716686105,-0.054530725509115
4.1400724664779,0.84264097994377,0.316527537876107,0,0,0.029467266673887,-0.00118139514217215,-0.000101461080408114,-0.0192513488644216,-0.0343441830316774,-0.0551468131314378
4.18877920137764,0.858741077830402,0.315754528840595,0,0,0.0316559021045324,-0.00119211761840544,-0.000173600489602015,-0.0194934126928782,-0.0347882437767766,-0.0557529727248701
4.23748593627738,0.874801760538464,0.314981519805083,0,0,0.0332095941989618,-0.00112346034270402,-0.000209393200982814,-0.0197351819082803,-0.035230026071924,-0.0563491014205832
4.28619267117712,0.890823028067954,0.314208510769572,0,0,0.0341131471734922,-0.00098580084317663,-0.000209415514022319,-0.0199766529977641,-0.0356695022341669,-0.056935098152157
4.33489940607686,0.906804880418872,0.31343550173406,0,0,0.0343637655347163,-0.000793300598812863,-0.00017930016073265,-0.0202178224529633,-0.0361066447313151,-0.0575108636726754
4.3836061409766,0.922747317591219,0.312662492698549,0,0,0.0339708392728425,-0.000562692527746141,-0.000128129089791512,-0.0204586867700604,-0.0365414261836629,-0.0580763005714986
4.43231287587634,0.938650339584995,0.311889483663037,0,0,0.0329555073842277,-0.00031198833394033,-6.65831516892993e-05,-0.0206992424498371,-0.0369738193657041,-0.0586313132906998
4.48101961077608,0.954513946400199,0.311116474627525,0,0,0.0313500125966932,-5.91968369044209e-05,-5.15324104663714e-06,-0.0209394859977257,-0.0374037972078384,-0.0591758081411787
4.52972634567582,0.970338138036832,0.310343465592014,0,0,0.0291968637717962,0.000178863032115129,4.7339376734354e-05,-0.0211794139238594,-0.0378313327980636,-0.0597096933184325
4.57843308057556,0.986122914494893,0.309570456556502,0,0,0.0265478256754212,0.000387583293418231,8.47493494588704e-05,-0.0214190227431232,-0.0382563993836568,-0.0602328789179948
4.6271398154753,1.00186827577438,0.30879744752099,0,0,0.0234627585903824,0.000555366960910822,0.000104069918749141,-0.0216583089752044,-0.0386789703728514,-0.0607452769505318
4.67584655037504,1.0175742218753,0.308024438485479,0,0,0.0200083325498466,0.000674170613067906,0.000105371068696683,-0.0218972691446434,-0.0390990193364961,-0.0612468013565973
4.72455328527478,1.03324075279765,0.307251429449967,0,0,0.0162566427657788,0.000739772703340585,9.13046873982719e-05,-0.0221358997808839,-0.0395165200097071,-0.0617373680210435
4.77326002017452,1.04886786854142,0.306478420414455,0,0,0.0122837540898815,0.000751770138555255,6.63161678294082e-05,-0.0223741974183233,-0.0399314462935127,-0.0622168947870809
4.82196675507426,1.06445556910663,0.305705411378944,0,0,0.00816820306364396,0.000713323381171501,3.57221489770483e-05,-0.0226121585963633,-0.0403437722564813,-0.0626853014699933
4.870673489974,1.08000385449326,0.304932402343432,0,0,0.00398948628748165,0.000630685416490894,4.80819780258215e-06,-0.0228497798594597,-0.0407534721363389,-0.0631425098704993
4.91938022487374,1.09551272470132,0.30415939330792,0,0,-0.000173436524954489,0.000512561569318662,-2.1926869449715e-05,-0.023087057757173,-0.0411605203415823,-0.0635884437877574
4.96808695977348,1.11098217973081,0.303386384272409,0,0,-0.00424359732405869,0.000369354842300013,-4.12943914381174e-05,-0.0233239888442184,-0.0415648914530733,-0.0640230290320171
5.01679369467322,1.12641221958173,0.302613375236897,0,0,-0.00814740622413793,0.000212354964963791,-5.166827229816e-05,-0.0235605696805157,-0.0419665602256249,-0.0644461934369116
5.06550042957296,1.14180284425408,0.301840366201386,0,0,-0.0118159454463947,5.29287640172439e-05,-5.29727750602749e-05,-0.023796796831239,-0.0423655015895808,-0.0648578668713889
5.1142071644727,1.15715405374785,0.301067357165874,0,0,-0.0151861486666176,-9.82348683378814e-05,-4.64491471689297e-05,-0.0240326668668674,-0.0427616906523708,-0.0652579812512821
5.16291389937244,1.17246584806306,0.300294348130362,0,0,-0.0182018463313013,-0.000231779657840679,-3.42695068238956e-05,-0.0242681763632336,-0.0431551027000711,-0.0656464705505134
5.21162063427218,1.18773822719969,0.299521339094851,0,0,-0.0208146604130124,-0.000340200520911863,-1.90776159405272e-05,-0.0245033219015749,-0.0435457131989396,-0.0660232708119345
5.26032736917192,1.20297119115775,0.298748330059339,0,0,-0.0229847352273476,-0.000418201873411015,-3.53414053360508e-06,-0.0247381000685815,-0.0439334977969481,-0.0663883201577967
5.30903410407166,1.21816473993724,0.297975321023827,0,0,-0.0246812942659969,-0.000462883867812944,1.00688730884831e-05,-0.0249725074564472,-0.0443184323252971,-0.0667415587998527
5.3577408389714,1.23331887353816,0.297202311988316,0,0,-0.0258830164474735,-0.000473756965260104,2.00797363724891e-05,-0.025206540662918,-0.0447004927999215,-0.0670829290490868
5.40644757387114,1.24843359196051,0.296429302952804,0,0,-0.0265782286825106,-0.000452596535867011,2.56238966221479e-05,-0.0254401962913422,-0.0450796554229838,-0.067412375325074
5.45515430877088,1.26350889520428,0.295656293917292,0,0,-0.0267649151290082,-0.000403158864697956,2.66073374025866e-05,-0.0256734709507188,-0.0454558965843559,-0.067729844164961
5.50386104367062,1.27854478326949,0.294883284881781,0,0,-0.0264505469075238,-0.000330787501751694,2.36071267775961e-05,-0.0259063612557478,-0.0458291928630888,-0.0680352842320757
5.55256777857036,1.29354125615612,0.294110275846269,0,0,-0.0256517393013367,-0.000241943990122766,1.76826439582659e-05,-0.0261388638268782,-0.0461995210288664,-0.0683286463241572
5.6012745134701,1.30849831386418,0.293337266810758,0,0,-0.0243937465177408,-0.000143699483039207,1.01471459977847e-05,-0.026370975290358,-0.0465668580434527,-0.0686098833812068
5.64998124836984,1.32341595639367,0.292564257775246,0,0,-0.0227098068870571,-4.32236475154992e-05,2.33879405257228e-06,-0.0266026922782825,-0.0469311810621237,-0.0688789504929622
5.69868798326958,1.33829418374459,0.291791248739734,0,0,-0.0206403538763463,5.26952517652389e-05,-4.57582713015857e-06,-0.0268340114286435,-0.0472924674350853,-0.0691358049059879
5.74739471816932,1.35313299591694,0.291018239704223,0,0,-0.0182321104559532,0.000138069748671216,-9.74254324395574e-06,-0.0270649293853777,-0.0476506947088835,-0.0693804060303854
5.79610145306906,1.36793239291071,0.290245230668711,0,0,-0.0155370861459807,0.000208048864727231,-1.26932800509558e-05,-0.027295442798416,-0.0480058406277931,-0.0696127154461198
5.8448081879688,1.38269237472592,0.289472221633199,0,0,-0.0126114974613724,0.000259154131419629,-1.33525841244989e-05,-0.0275255483237315,-0.0483578831352052,-0.0698326969089631
5.89351492286854,1.39741294136255,0.288699212597688,0,0,-0.0095146334511656,0.000289407732909495,-1.19866194469858e-05,-0.0277552426233883,-0.048706800374991,-0.0700403163560512
5.94222165776828,1.41209409282061,0.287926203562176,0,0,-0.0063076885804585,0.000298352273627926,-9.11104250991018e-06,-0.0279845223655898,-0.0490525706928616,-0.0702355419110575
5.99092839266802,1.4267358291001,0.287153194526664,0,0,-0.00305258533154487,0.000286968856293628,-5.37749141871508e-06,-0.0282133842247272,-0.0493951726377067,-0.0704183438889779
6.03963512756776,1.44133815020102,0.286380185491153,0,0,0.000189191389704737,0.000257506366879609,-1.45839237100391e-06,-0.0284418248814275,-0.0497345849629273,-0.0705886948005298
6.08834186246751,1.45590105612337,0.285607176455641,0,0,0.0033577266504236,0.000213239766016404,2.05307543940968e-06,-0.0286698410226017,-0.0500707866277502,-0.0707465693561637
6.13704859736724,1.47042454686714,0.284834167420129,0,0,0.00639575437510599,0.000158178554449405,4.71585014075633e-06,-0.028897429341493,-0.0504037567985328,-0.070891944469685
6.18575533226698,1.48490862243235,0.284061158384618,0,0,0.00924966383327134,9.67483045640217e-05,6.28048699427983e-06,-0.0291245865377245,-0.0507334748500498,-0.0710247992614886
6.23446206716673,1.49935328281898,0.283288149349106,0,0,0.011870416596602,3.3468238140405e-05,6.69486163373926e-06,-0.0293513093173474,-0.0510599203667732,-0.0711451150614035
6.28316880206647,1.51375852802704,0.282515140313595,0,0,0.0142143588628879,-2.73536027981886e-05,6.08058100637049e-06,-0.0295775943928882,-0.0513830731441311,-0.071252875411148
6.33187553696621,1.52812435805653,0.281742131278083,0,0,0.0162439163120534,-8.18887932828127e-05,4.68811165818306e-06,-0.0298034384833969,-0.0517029131897615,-0.0713480660663948
6.38058227186595,1.54245077290745,0.280969122242571,0,0,0.0179281611170513,-0.000127005556905378,2.84043551512461e-06,-0.0300288383144944,-0.0520194207247444,-0.0714306749984462
6.42928900676569,1.5567377725798,0.28019611320706,0,0,0.019243243329767,-0.000160423873210524,8.75148488173119e-07,-0.0302537906184199,-0.0523325761848237,-0.0715006923955191
6.47799574166543,1.57098535707357,0.279423104171548,0,0,0.0201726815480486,-0.000180803000286517,-9.06420945134839e-07,-0.0304782921340782,-0.0526423602216173,-0.0715581106636396
6.52670247656517,1.58519352638878,0.278650095136036,0,0,0.0207075104927665,-0.000187760624609236,-2.27685758625041e-06,-0.0307023396070871,-0.0529487537038088,-0.0716029244271475
6.57540921146491,1.59936228052541,0.277877086100525,0,0,0.0208462858320703,-0.000181827415691934,-3.10373806603331e-06,-0.0309259297898246,-0.0532517377183291,-0.0716351305288103
6.62411594636465,1.61349161948347,0.277104077065013,0,0,0.0205949492337533,-0.000164344743021458,-3.35371929524836e-06,-0.0311490594414759,-0.0535512935715226,-0.0716547280295469
6.67282268126439,1.62758154326296,0.276331068029501,0,0,0.0199665591581607,-0.000137316487909969,-3.08172544217556e-06,-0.0313717253280802,-0.0538474027902971,-0.0716617182077617
6.72152941616413,1.64163205186388,0.27555805899399,0,0,0.0189808952787808,-0.000103228103264036,-2.40913725186727e-06,-0.0315939242225779,-0.0541400471232643,-0.0716561045582892
6.77023615106387,1.65564314528623,0.274785049958478,0,0,0.017663946594815,-6.48472638737341e-05,-1.49585496514565e-06,-0.0318156529048572,-0.054429208541861,-0.0716378927909486
6.81894288596361,1.66961482353,0.274012040922966,0,0,0.0160472952434528,-2.5020606211521e-05,-5.11220152914128e-07,-0.0320369081618006,-0.05471486924146,-0.0716070908287097
6.86764962086335,1.68354708659521,0.273239031887455,0,0,0.0141674096982127,1.35197542439368e-05,3.91839501180768e-07,-0.0322576867873317,-0.054997011642464,-0.071563708805471
6.91635635576309,1.69743993448184,0.272466022851943,0,0,0.0120648624280807,4.83278937096387e-05,1.09622979957355e-06,-0.0324779855824615,-0.0552756183913856,-0.0715077590634487
6.96506309066283,1.7112933671899,0.271693013816432,0,0,0.00978348817073417,7.73842294133492e-05,1.5318935882475e-06,-0.0326978013553349,-0.0555506723619144,-0.0714392561501792
7.01376982556257,1.72510738471939,0.27092000478092,0,0,0.0073694997285242,9.91972318447948e-05,1.67848063062648e-06,-0.0329171309212768,-0.0558221566559666,-0.0713582168151346
7.06247656046231,1.73888198707031,0.270146995745408,0,0,0.00487057862102452,0.000112862827975597,1.56044416985381e-06,-0.0331359711028381,-0.0560900546047227,-0.0712646600059525
7.11118329536205,1.75261717424266,0.269373986709897,0,0,0.0023349580220436,0.000118080698084258,1.2364630090365e-06,-0.0333543187298421,-0.0563543497696497,-0.0711586068642803
7.15989003026179,1.76631294623643,0.268600977674385,0,0,-0.000189484822580765,0.000115129569352125,7.85605299496812e-07,-0.0335721706394301,-0.0566150259435073,-0.0710400807212356
7.20859676516153,1.77996930305164,0.267827968638873,0,0,-0.00265611004602789,0.000104806157468414,2.92738391628394e-07,-0.0337895236761074,-0.056872067151339,-0.0709091070924834
7.25730350006127,1.79358624468827,0.267054959603362,0,0,-0.00502035467341199,8.83344610983311e-05,-1.64596991351865e-07,-0.0340063746917888,-0.0571254576514524,-0.0707657136729304
7.30601023496101,1.80716377114633,0.26628195056785,0,0,-0.00724051550841104,6.72535742933499e-05,-5.26190213880702e-07,-0.0342227205458444,-0.0573751819363791,-0.0706099303310388
7.35471696986075,1.82070188242582,0.265508941532338,0,0,-0.0092784620729586,4.32929962333805e-05,-7.55094316580104e-07,-0.0344385581051448,-0.0576212247338236,-0.0704417891027593
7.40342370476049,1.83420057852674,0.264735932496827,0,0,-0.0111002678648204,1.82445800169163e-05,-8.39277154808857e-07,-0.034653884244107,-0.0578635710075933,-0.0702613241850862
7.45213043966023,1.84765985944909,0.263962923461315,0,0,-0.0126767499671732,-6.16019008413921e-06,-7.89427232133232e-07,-0.0348686958447389,-0.0581022059585191,-0.0700685719292339
7.50083717455997,1.86107972519286,0.263189914425804,0,0,-0.0139839089606166,-2.83598952896228e-05,-6.33835823349938e-07,-0.035082989796685,-0.0583371150253544,-0.0698635708334377
7.54954390945971,1.87446017575807,0.262416905390292,0,0,-0.0150032631126255,-4.70535814320659e-05,-4.11552487882702e-07,-0.0352967629972714,-0.0585682838856636,-0.06964636153538
7.59825064435945,1.8878012111447,0.26164389635478,0,0,-0.0157220729123707,-6.12673235349912e-05,-1.65070913556193e-07,-0.0355100123515504,-0.0587956984566919,-0.069416986804242
7.64695737925919,1.90110283135276,0.260870887319269,0,0,-0.0161334541397589,-7.03943245602243e-05,6.63284274737068e-08,-0.0357227347723455,-0.0590193448962224,-0.0691754915323854
7.69566411415893,1.91436503638225,0.260097878283757,0,0,-0.0162363797664765,-7.42078557350676e-05,2.51724328969297e-07,-0.0359349271802962,-0.059239209603417,-0.0689219227266619
7.74437084905867,1.92758782623317,0.259324869248245,0,0,-0.0160355730448738,-7.28481873195467e-05,3.71687226351032e-07,-0.0361465865039022,-0.0594552792196399,-0.0686563294993559
7.79307758395841,1.94077120090552,0.258551860212734,0,0,-0.0155412961105487,-6.67862886460835e-05,4.19264432391369e-07,-0.0363577096795684,-0.0596675406292709,-0.0683787630587585
7.84178431885815,1.95391516039929,0.257778851177222,0,0,-0.0147690402718159,-5.67684028930394e-05,3.99014761849508e-07,-0.0365682936516487,-0.0598759809604944,-0.0680892766993787
7.89049105375789,1.9670197047145,0.25700584214171,0,0,-0.0137391258521948,-4.37465602431379e-05,3.24538795175376e-07,-0.0367783353724905,-0.0600805875860822,-0.0677879257917891
7.93919778865763,1.98008483385113,0.256232833106198,0,0,-0.0124762209625031,-2.88006468189267e-05,2.15097192964251e-07,-0.0369878318024786,-0.0602813481241545,-0.0674747677721124
7.98790452355737,1.99311054780919,0.255459824070687,0,0,-0.0110087898829857,-1.30577893885166e-05,9.1947359407745e-08,-0.0371967799100797,-0.0604782504389282,-0.0671498621311472
8.03661125845711,2.00609684658868,0.254686815035175,0,0,-0.00936848281335591,2.38543179845266e-06,-2.503002749721e-08,-0.0374051766718854,-0.0606712826414461,-0.0668132704031371
8.08531799335685,2.0190437301896,0.253913805999664,0,0,-0.0075894795845597,1.6533022461804e-05,-1.19974859700037e-07,-0.0376130190726567,-0.0608604330902952,-0.0664650561541845
8.13402472825659,2.03195119861195,0.253140796964152,0,0,-0.00570780051014098,2.85478198468441e-05,-1.82696336096273e-07,-0.0378203041053673,-0.0610456903923046,-0.0661052849703126
8.18273146315633,2.04481925185572,0.25236778792864,0,0,-0.00376059788187955,3.77949739641724e-05,-2.09246133235164e-07,-0.0380270287712472,-0.0612270434032316,-0.0657340244451736
8.23143819805607,2.05764788992093,0.251594778893128,0,0,-0.00178544168334359,4.38688863772482e-05,-2.0150299748713e-07,-0.0382331900798258,-0.0614044812284266,-0.0653513441674134
8.28014493295581,2.07043711280756,0.250821769857617,0,0,0.000180387089583417,4.66030500215942e-05,-1.65984293683435e-07,-0.0384387850489755,-0.0615779932234879,-0.0649573157076842
8.32885166785555,2.08318692051562,0.250048760822105,0,0,0.00210058254139468,4.6063401797484e-05,-1.12177324017491e-07,-0.0386438107049547,-0.0617475689948975,-0.0645520126053197
8.37755840275529,2.09589731304511,0.249275751786593,0,0,0.00394046712375681,4.25268414910446e-05,-5.07061989520835e-08,-0.0388482640824507,-0.0619131984006396,-0.0641355103546642
8.42626513765503,2.10856829039603,0.248502742751082,0,0,0.00566760059217833,3.64474265869378e-05,8.3760488474329e-09,-0.0390521422246227,-0.0620748715508063,-0.0637078863910645
8.47497187255477,2.12119985256838,0.24772973371557,0,0,0.00725233431653596,2.84133800038375e-05,5.69440819452892e-08,-0.0392554421831447,-0.0622325788081848,-0.0632692200765283
8.52367860745451,2.13379199956215,0.246956724680058,0,0,0.00866830182700301,1.90984221929873e-05,8.96657399711658e-08,-0.0394581610182477,-0.062386310788829,-0.0628195926850453
8.57238534235425,2.14634473137736,0.246183715644547,0,0,0.00989283785719867,9.21105436142169e-06,1.04329228848233e-07,-0.0396602957987625,-0.062536058362616,-0.0623590873875793
8.62109207725399,2.15885804801399,0.245410706609035,0,0,0.0109073196406653,-5.5471268922674e-07,1.01669748805908e-07,-0.0398618436021622,-0.0626818126537845,-0.061887789236733
8.66979881215373,2.17133194947205,0.244637697573523,0,0,0.0116974257948804,-9.56404250935122e-06,8.47993766409886e-08,-0.0400628015146041,-0.0628235650414588,-0.0614057851510877
8.71850554705347,2.18376643575154,0.243864688538012,0,0,0.0122533097578117,-1.72787621208075e-05,5.83847509542367e-08,-0.040263166630972,-0.0629613071601553,-0.0609131638992178
8.76721228195321,2.19616150685246,0.2430916795025,0,0,0.0125696863941124,-2.32857152256234e-05,2.7730624417061e-08,-0.0404629360549183,-0.063095030900273,-0.0604100160833908
8.81591901685295,2.20851716277481,0.242318670466988,0,0,0.0126458320302824,-2.73147837816889e-05,-2.08401186662001e-09,-0.0406621068989056,-0.0632247284085681,-0.0598964341229465
8.86462575175269,2.22083340351858,0.241545661431477,0,0,0.0124854997802199,-2.92461514682414e-05,-2.69012064576569e-08,-0.0408606762842488,-0.0633503920886128,-0.0593725122373661
8.91333248665243,2.23311022908379,0.240772652395965,0,0,0.0120967535556505,-2.91071232205126e-05,-4.3937244117016e-08,-0.0410586413411561,-0.0634720146012351,-0.0588383464290301
8.96203922155217,2.24534763947042,0.239999643360453,0,0,0.0114917255929755,-2.70594803611128e-05,-5.1966689495177e-08,-0.0412559992087712,-0.0635895888649454,-0.058294034465667
9.01074595645192,2.25754563467848,0.239226634324942,0,0,0.0106863036445018,-2.33789025842816e-05,-5.12532021530909e-08,-0.041452747035214,-0.0637031080563447,-0.0577396758625026
9.05945269135165,2.26970421470797,0.23845362528943,0,0,0.00969975515594765,-1.84283981611057e-05,-4.32769768055795e-08,-0.0416488819776223,-0.0638125656105177,-0.0571753718641036
9.10815942625139,2.28182337955889,0.237680616253918,0,0,0.00855429676483029,-1.26279356319284e-05,-3.03300726665403e-08,-0.0418444012021924,-0.0639179552214071,-0.0566012254259289
9.15686616115113,2.29390312923124,0.236907607218407,0,0,0.00727461829049256,-6.42255899277897e-06,-1.50586778108443e-08,-0.0420393018842204,-0.0640192708421747,-0.0560173411955815
9.20557289605087,2.30594346372501,0.236134598182895,0,0,0.00588737103438373,-2.51200142475141e-07,-2.65359476130518e-11,-0.0422335812081429,-0.0641165066855436,-0.0554238254937774
9.25427963095061,2.31794438304022,0.235361589147383,0,0,0.00442063066079864,5.48180679362597e-06,1.26409773793262e-08,-0.0424272363675776,-0.0642096572241234,-0.0548207862950184
9.30298636585036,2.32990588717685,0.234588580111872,0,0,0.00290334517942935,1.04308305333566e-05,2.14936200206378e-08,-0.0426202645653639,-0.0642987171907222,-0.0542083332079877
9.3516931007501,2.34182797613491,0.23381557107636,0,0,0.00136477860144512,1.43274009038609e-05,2.58585946896281e-08,-0.0428126630136032,-0.064383681578638,-0.0535865774556649
9.40039983564984,2.3537106499144,0.233042562040848,0,0,-0.000166039306227887,1.69922197035904e-05,2.58148687912648e-08,-0.0430044289336992,-0.064464545641936,-0.0529556318551608
9.44910657054958,2.36555390851532,0.232269553005337,0,0,-0.00166084708122888,1.83404076144187e-05,2.20633641130104e-08,-0.0431955595563982,-0.064541304895709,-0.0523156107972843
9.49781330544932,2.37735775193767,0.231496543969825,0,0,-0.0030926598710284,1.83801398595575e-05,1.5728102245853e-08,-0.0433860521218288,-0.0646139551163203,-0.051666630225836
9.54652004034906,2.38912218018144,0.230723534934313,0,0,-0.00443624309760046,1.72052478886639e-05,8.12779874075836e-09,-0.0435759038795418,-0.0646824923416304,-0.0510088076166406
9.5952267752488,2.40084719324665,0.229950525898802,0,0,-0.00566854343037976,1.49827196027641e-05,5.55428855632959e-10,-0.0437651120885501,-0.0647469128712077,-0.0503422619563133
9.64393351014854,2.41253279113328,0.22917751686329,0,0,-0.00676906998236417,1.1936298202424e-05,-5.9037713935958e-09,-0.043953674017368,-0.0648072132665217,-0.049667113720772
9.69264024504828,2.42417897384134,0.228404507827778,0,0,-0.0077202197210027,8.32754847533496e-06,-1.04957356959443e-08,-0.0441415869440508,-0.06486339035112,-0.0489834848534939
9.74134697994802,2.43578574137083,0.227631498792267,0,0,-0.0085075422507057,4.43582539628601e-06,-1.28538961991712e-08,-0.0443288481562342,-0.0649154412107881,-0.0482914987435231
9.79005371484776,2.44735309372175,0.226858489756755,0,0,-0.00911994035388952,5.38546507218062e-07,-1.29908775142971e-08,-0.044515454951173,-0.0649633631936936,-0.0475912802032312
9.8387604497475,2.4588810308941,0.226085480721243,0,0,-0.00954980394818163,-3.10695378839662e-06,-1.12369349508557e-08,-0.0447014046357806,-0.0650071539105126,-0.0468829554458382
9.88746718464724,2.47036955288787,0.225312471685732,0,0,-0.00979307640429328,-6.27890838465815e-06,-8.14238642046212e-09,-0.0448866945266675,-0.0650468112345401,-0.0461666520626917
9.93617391954698,2.48181865970308,0.22453946265022,0,0,-0.00984925344786946,-8.80311549727295e-06,-4.36375082835113e-09,-0.0450713219501803,-0.0650823333017833,-0.0454424990003161
9.98488065444672,2.49322835133971,0.223766453614708,0,0,-0.00972131611577491,-1.05609165677731e-05,-5.5254442203827e-10,-0.0452552842424398,-0.0651137185110386,-0.0447106265372297
10.0335873893465,2.50459862779777,0.222993444579197,0,0,-0.00941560043029235,-1.14929244480787e-05,2.7376818760187e-09,-0.0454385787493802,-0.0651409655239515,-0.043971166260537
10.0822941242462,2.51592948907726,0.222220435543685,0,0,-0.00894160757260255,-1.15985693493849e-05,5.11556118164242e-09,-0.0456212028267866,-0.0651640732650599,-0.0432242510422997
10.1310008591459,2.52722093517818,0.221447426508173,0,0,-0.00831175936054301,-1.09318007752818e-05,6.38267342699117e-09,-0.0458031538403335,-0.0651830409218214,-0.0424700150156919
10.1797075940457,2.53847296610053,0.220674417472662,0,0,-0.00754110474801953,-9.59351214120391e-06,6.53169682727374e-09,-0.0459844291656228,-0.0651978679446227,-0.0417085935509386
10.2284143289454,2.5496855818443,0.21990140843715,0,0,-0.00664698385002395,-7.72142906292081e-06,5.71735223418478e-09,-0.0461650261882217,-0.0652085540467731,-0.0409401232310515
10.2771210638452,2.56085878240951,0.219128399401638,0,0,-0.00564865664608896,-5.47831488190237e-06,4.20860810212967e-09,-0.0463449423037002,-0.0652150992044813,-0.0401647418273545
10.3258277987449,2.57199256779614,0.218355390366127,0,0,-0.00456690401710004,-3.03939501073395e-06,2.33197615958165e-09,-0.0465241749176687,-0.0652175036568152,-0.0393825882748145
10.3745345336446,2.5830869380042,0.217582381330615,0,0,-0.00342360911951812,-5.79886721597113e-07,4.15461075856532e-10,-0.0467027214458155,-0.0652157679056454,-0.038593802647172
10.4232412685444,2.59414189303369,0.216809372295103,0,0,-0.00224132729405063,1.7365513064438e-06,-1.25887347504066e-09,-0.0468805793139439,-0.0652098927155714,-0.0377985261318871
10.4719480034441,2.60515743288461,0.216036363259592,0,0,-0.00104285274241831,3.76775602595502e-06,-2.48825436769943e-09,-0.0470577459580097,-0.0651998791138319,-0.0369969010048914
10.5206547383439,2.61613355755696,0.21526335422408,0,0,0.00014920991121563,5.40084748476353e-06,-3.1658844322747e-09,-0.0472342188241575,-0.0651857283901978,-0.0361890706051659
10.5693614732436,2.62707026705073,0.214490345188568,0,0,0.00131286132287966,6.55751178520238e-06,-3.28118832788921e-09,-0.0474099953687581,-0.0651674420968491,-0.0353751793091343
10.6180682081433,2.63796756136594,0.213717336153057,0,0,0.00242710294960475,7.19661587990904e-06,-2.90617369613755e-09,-0.0475850730584448,-0.0651450220482349,-0.0345553725048873
10.6667749430431,2.64882544050257,0.212944327117545,0,0,0.00347230547746821,7.31417850544024e-06,-2.17205783687495e-09,-0.04775944937015,-0.0651184703209163,-0.0337297965662398
10.7154816779428,2.65964390446063,0.212171318082033,0,0,0.00443054389770336,6.94089405805034e-06,-1.24105699795706e-09,-0.0479331217911416,-0.0650877892533938,-0.0328985988266203
10.7641884128425,2.67042295324012,0.211398309046522,0,0,0.00528589372570137,6.13755302910529e-06,-2.78159873190687e-10,-0.0481060878190593,-0.065052981445917,-0.0320619275528063
10.8128951477423,2.68116258684104,0.21062530001101,0,0,0.00602468369774138,4.988815955934e-06,5.73050509702684e-10,-0.0482783449619504,-0.0650140497602784,-0.0312199319185016
10.861601882642,2.69186280526338,0.209852290975498,0,0,0.00663570118886171,3.59587270325975e-06,1.20768522609736e-09,-0.0484498907383056,-0.0649709973195903,-0.0303727619777645
10.9103086175418,2.70252360850716,0.209079281939987,0,0,0.00711034755408035,2.06855317208545e-06,1.5685460008632e-09,-0.0486207226770953,-0.0649238275080453,-0.0295205686382936
10.9590153524415,2.71314499657236,0.208306272904475,0,0,0.00744274158530244,5.17449968148386e-07,1.64684175373166e-09,-0.0487908383178047,-0.06487254397066,-0.0286635036345705
11.0077220873412,2.723726969459,0.207533263868963,0,0,0.00762977027865378,-9.53428545113715e-07,1.475826622718e-09,-0.0489602352104692,-0.0648171506130028,-0.0278017195008703
11.056428822241,2.73426952716706,0.206760254833452,0,0,0.00767108710277467,-2.25302956418502e-06,1.11939021526265e-09,-0.04912891091571,-0.0647576516009046,-0.0269353695441373
11.1051355571407,2.74477266969655,0.20598724579794,0,0,0.00756905892944565,-3.30830342687093e-06,6.58037230727865e-10,-0.0492968630047691,-0.0646940513601531,-0.0260646078167409
11.1538422920405,2.75523639704747,0.205214236762428,0,0,0.00732866371630586,-4.06769227702086e-06,1.74685264555431e-10,-0.0494640890595439,-0.0646263545761708,-0.0251895890891028
11.2025490269402,2.76566070921981,0.204441227726917,0,0,0.00695734190103573,-4.50294473836437e-06,-2.57646913149309e-10,-0.0496305866726227,-0.0645545661936767,-0.0243104688222169
11.2512557618399,2.77604560621359,0.203668218691405,0,0,0.006464805262326,-4.60926036222157e-06,-5.84786852477849e-10,-0.0497963534473187,-0.0644786914163316,-0.0234274031400521
11.2999624967397,2.78639108802879,0.202895209655893,0,0,0.00586280771204589,-4.4038774446017e-06,-7.76234242867993e-10,-0.0499613869977048,-0.0643987357063663,-0.0225405488018496
11.3486692316394,2.79669715466543,0.202122200620382,0,0,0.00516488309395595,-3.92331205426494e-06,-8.25820044739633e-10,-0.0501256849486479,-0.0643147047841944,-0.0216500631743227
11.3973759665392,2.80696380612349,0.20134919158487,0,0,0.00438605556785093,-3.21952971039991e-06,-7.48760585396566e-10,-0.0502892449358432,-0.0642266046280084,-0.0207561042037535
11.4460827014389,2.81719104240298,0.200576182549358,0,0,0.00354252854712426,-2.35538076694383e-06,-5.760985296393e-10,-0.0504520646058478,-0.0641344414733594,-0.0198588303880042
11.4947894363386,2.8273788635039,0.199803173513847,0,0,0.00265135842765368,-1.39965469674765e-06,-3.47742370739425e-10,-0.050614141616115,-0.0640382218127203,-0.0189584007484401
11.5434961712384,2.83752726942625,0.199030164478335,0,0,0.0017301194941687,-4.22107409986864e-07,-1.05326849888304e-10,-0.0507754736350278,-0.0639379523950337,-0.0180549748017705
11.5922029061381,2.84763626017002,0.198257155442823,0,0,0.000796566416738312,5.11208585550521e-07,1.14050121223752e-10,-0.0509360583419323,-0.0638336402252426,-0.0171487125318133
11.6409096410378,2.85770583573523,0.197484146407312,0,0,-0.000131699343160573,1.34202565051984e-06,2.82450900865064e-10,-0.0510958934271713,-0.0637252925638046,-0.0162397743611849
11.6896163759376,2.86773599612186,0.1967111373718,0,0,-0.00103755310606338,2.02312841021309e-06,3.83674963363607e-10,-0.0512549765921175,-0.0636129169261925,-0.0153283211229306
11.7383231108373,2.87772674132992,0.195938128336288,0,0,-0.0019046547340237,2.52065168840406e-06,4.13740810875331e-10,-0.0514133055492065,-0.0634965210823746,-0.0144145140320881
11.7870298457371,2.88767807135941,0.195165119300777,0,0,-0.00271773520108646,2.8153289518722e-06,3.79533680864784e-10,-0.0515708780219694,-0.063376113056283,-0.0134985146571942
11.8357365806368,2.89758998621033,0.194392110265265,0,0,-0.00346285710871662,2.90268632440486e-06,2.96102634517531e-10,-0.051727691745066,-0.0632517011252638,-0.0125804848917463
11.8844433155365,2.90746248588267,0.193619101229753,0,0,-0.00412764486869215,2.7922471057647e-06,1.83208767473426e-10,-0.0518837444643171,-0.0631232938195107,-0.0116605869256057
11.9331500504363,2.91729557037645,0.192846092194242,0,0,-0.00470148093126758,2.50587217612721e-06,6.17392354348201e-11,-0.0520390339367368,-0.0629908999214844,-0.0107389832163726
11.981856785336,2.92708923969165,0.19207308315873,0,0,-0.00517566514488264,2.07540939029632e-06,-4.94757542831237e-11,-0.0521935579305649,-0.0628545284653156,-0.0098158364607178
12.0305635202358,2.93684349382829,0.191300074123218,0,0,-0.00554353508103024,1.53985786016585e-06,-1.36048452468298e-10,-0.0523473142252991,-0.0627141887361905,-0.00889130956568106
12.0792702551355,2.94655833278635,0.190527065087707,0,0,-0.00580054592939361,9.42269826999244e-07,-1.89403965577446e-10,-0.0525003006117265,-0.0625698902697228,-0.00796556561994759
12.1279769900352,2.95623375656584,0.189754056052195,0,0,-0.00594430934916766,3.26613708174447e-07,-2.07098285697806e-10,-0.0526525148919555,-0.0624216428513082,-0.00703876786510447
12.176683724935,2.96586976516676,0.188981047016683,0,0,-0.00597459143789451,-2.65192018611325e-07,-1.92203999347683e-10,-0.0528039548794477,-0.0622694565154645,-0.00611107966687526
12.2253904598347,2.9754663585891,0.188208037981172,0,0,-0.00589327073488314,-7.95891147979154e-07,-1.51998964892461e-10,-0.0529546183990486,-0.0621133415451542,-0.00518266448634783
12.2740971947345,2.98502353683288,0.18743502894566,0,0,-0.00570425789873755,-1.23500215906716e-06,-9.62564767135842e-11,-0.0531045032870196,-0.0619533084710935,-0.00425368585119653
12.3228039296342,2.99454129989808,0.186662019910148,0,0,-0.00541337937498568,-1.56032829912907e-06,-3.54457447386968e-11,-0.0532536073910685,-0.061789368071044,-0.00332430732689966
12.3715106645339,3.00401964778472,0.185889010874637,0,0,-0.00502822798870974,-1.75881018724043e-06,2.08842354369557e-11,-0.0534019285703806,-0.0616215313690903,-0.002394692487966
12.4202173994337,3.01345858049278,0.185116001839125,0,0,-0.00455798394817252,-1.82671319602592e-06,6.5333761283128e-11,-0.0535494646956496,-0.0614498096348998,-0.00146500488916514
12.4689241343334,3.02285809802227,0.184342992803613,0,0,-0.00401321021993656,-1.76918629422207e-06,9.33785741779331e-11,-0.0536962136491077,-0.0612742143829701,-0.000535408036776421
12.5176308692332,3.03221820037319,0.183569983768102,0,0,-0.00340562662672216,-1.59926776479468e-06,1.0356783256684e-10,-0.0538421733245565,-0.0610947573718594,0.000393934640142563
12.5663376041329,3.04153888754553,0.18279697473259,0,0,-0.00274786732078823,-1.33644411852006e-06,9.72486388688045e-11,-0.0539873416273968,-0.0609114506033992,0.00132285981846876
12.6150443390326,3.05082015953931,0.182023965697078,0,0,-0.00205322649426806,-1.00489014095078e-06,7.79313553785225e-11,-0.054131716474659,-0.0607243063218974,0.00225120430968994
12.6637510739324,3.06006201635451,0.181250956661567,0,0,-0.00133539730177281,-6.31529600958293e-07,5.04436348306047e-11,-0.0542752957950326,-0.0605333370133199,0.00317880508855079
12.7124578088321,3.06926445799115,0.180477947626055,0,0,-0.000608208989612312,-2.44057686678898e-07,2.00281875056537e-11,-0.0544180775288964,-0.0603385554044613,0.00410549932165809
12.7611645437318,3.07842748444921,0.179704938590543,0,0,0.000114632848137706,1.30941640668974e-07,-8.47702219837443e-12,-0.0545600596283475,-0.0601399744620988,0.00503112439604517
12.8098712786316,3.0875510957287,0.178931929555032,0,0,0.000819798130390359,4.69666259936555e-07,-3.12711704115564e-11,-0.054701240057231,-0.0599376073921304,0.00595551794767754
12.8585780135313,3.09663529182962,0.17815892051952,0,0,0.00149457175899254,7.52459966068281e-07,-4.59740882167465e-11,-0.054841616791169,-0.0597314676387004,0.00687851788991555
12.9072847484311,3.10568007275196,0.177385911484008,0,0,0.00212707651728814,9.6480267932647e-07,-5.17449227673995e-11,-0.0549811878175898,-0.0595215688833075,0.00779996244191085
12.9559914833308,3.11468543849574,0.176612902448497,0,0,0.00270647561438813,1.09788906800539e-06,-4.91606001660267e-11,-0.0551199511357567,-0.0593079250438964,0.00871969015693982
13.0046982182305,3.12365138906094,0.175839893412985,0,0,0.00322315155159382,1.14878777887057e-06,-3.99094242226367e-11,-0.0552579047567965,-0.0590905502739423,0.00963753995066437
13.0534049531303,3.13257792444758,0.175066884377473,0,0,0.00366885849861748,1.12020169303552e-06,-2.63730281244517e-11,-0.0553950467037281,-0.058869458961511,0.0105533511293276
13.10211168803,3.14146504465564,0.174293875341962,0,0,0.00403684591967354,1.01987442199382e-06,-1.1174425677646e-11,-0.055531375011491,-0.0586446657283091,0.0114669634178588
13.1508184229298,3.15031274968513,0.17352086630645,0,0,0.00432195177202865,8.59708246915889e-07,3.237462740992e-12,-0.0556668877269731,-0.0584161854287197,0.0123782169879038
13.1995251578295,3.15912103953605,0.172747857270938,0,0,0.00452066420073466,6.54672920836464e-07,1.49127711918398e-11,-0.055801582909039,-0.058184033148823,0.0132869524857604
13.2482318927292,3.16788991420839,0.171974848235427,0,0,0.00463115126146204,4.21592686255337e-07,2.26026365321262e-11,-0.0559354586285573,-0.0579482242054013,0.0141930110602212
13.296938627629,3.17661937370217,0.171201839199915,0,0,0.0046532588071546,1.77900450166442e-07,2.58284562050754e-11,-0.0560685129684291,-0.0577087741449309,0.0150962343903202
13.3456453625287,3.18530941801737,0.170428830164403,0,0,0.00458847726252282,-5.9556332571976e-08,2.48293960814909e-11,-0.0562007440236143,-0.0574656987425583,0.0159964647129722
13.3943520974285,3.19396004715401,0.169655821128891,0,0,0.00443987857258988,-2.75583157981171e-07,2.04148845710108e-11,-0.05633214990116,-0.0572190140010628,0.0168935448505054
13.4430588323282,3.20257126111207,0.16888281209338,0,0,0.00421202513772329,-4.57518313293478e-07,1.37582888319145e-11,-0.0564627287202267,-0.0569687361498061,0.017787318238082
13.4917655672279,3.21114305989156,0.168109803057868,0,0,0.00391085302882722,-5.95880889077059e-07,6.17072962291833e-12,-0.0565924786121155,-0.0567148816436636,0.018677628950996
13.5404723021277,3.21967544349248,0.167336794022356,0,0,0.00354353220466737,-6.84761332348087e-07,-1.10928862866398e-12,-0.0567213977202953,-0.0564574671619465,0.0195643217318548
13.5891790370274,3.22816841191482,0.166563784986845,0,0,0.0031183068218354,-7.21947771970456e-07,-7.0826528816247e-12,-0.0568494842004284,-0.0561965096073064,0.0204472420176312
13.6378857719271,3.2366219651586,0.165790775951333,0,0,0.00264431903107655,-7.08799265579179e-07,-1.10956920774273e-11,-0.0569767362203978,-0.0559320261046276,0.0213262359665778
13.6865925068269,3.2450361032238,0.165017766915821,0,0,0.00213141988737463,-6.49892979402927e-07,-1.2879810649134e-11,-0.0571031519603328,-0.0556640339999054,0.0222011504850114
13.7352992417266,3.25341082611044,0.16424475788031,0,0,0.00158997116247137,-5.52485224545237e-07,-1.2529466421004e-11,-0.0572287296126353,-0.055392550859109,0.0230718332539521
13.7840059766264,3.2617461338185,0.163471748844798,0,0,0.00103064193595177,-4.25835601739028e-07,-1.04313761878286e-11,-0.0573534673820054,-0.0551175944670324,0.0239381327556191
13.8327127115261,3.27004202634799,0.162698739809286,0,0,0.000464203854619985,-2.80448900513737e-07,-7.16282055100864e-12,-0.0574773634854674,-0.0548391828261298,0.0247998982997715
13.8814194464258,3.27829850369891,0.161925730773775,0,0,-9.86711090443685e-05,-1.27290792546168e-07,-3.37855027078729e-12,-0.057600416152395,-0.0545573341553409,0.0256569800498985
13.9301261813256,3.28651556587125,0.161152721738263,0,0,-0.000647606697366017,2.29690443213536e-08,2.95636158038352e-13,-0.0577226236245365,-0.0542720668888967,0.0265092290492432
13.9788329162253,3.29469321286503,0.160379712702751,0,0,-0.00117270869969057,1.6063849698543e-07,3.34838100731282e-12,-0.0578439841560403,-0.053983399675119,0.0273564972466715
14.0275396511251,3.30283144468023,0.15960670366724,0,0,-0.00166473832486311,2.77569901910398e-07,5.43831872592674e-12,-0.0579644960134794,-0.0536913513752004,0.0281986375223612
14.0762463860248,3.31093026131686,0.158833694631728,0,0,-0.00211526967310042,3.67583326376046e-07,6.4164134617955e-12,-0.0580841574758765,-0.0533959410619734,0.029035503713326
14.1249531209245,3.31898966277493,0.158060685596216,0,0,-0.00251682872492722,4.26728927194024e-07,6.31710154713983e-12,-0.0582029668347282,-0.0530971880186683,0.0298669506387588
14.1736598558243,3.32700964905442,0.157287676560705,0,0,-0.00286301166362875,4.53382953265968e-07,5.32442856612978e-12,-0.0583209223940299,-0.0527951117376528,0.0306928341251907
14.222366590724,3.33499022015533,0.156514667525193,0,0,-0.00314858077842671,4.48183325778898e-07,3.72199358572815e-12,-0.0584380224702993,-0.0524897319191648,0.0315130110314679
14.2710733256238,3.34293137607768,0.155741658489681,0,0,-0.00336953664962479,4.13820868143655e-07,1.83645472233922e-12,-0.0585542653926011,-0.0521810684700266,0.0323273392735326
14.3197800605235,3.35083311682146,0.15496864945417,0,0,-0.00352316578536219,3.547105892225e-07,-1.62601383650645e-14,-0.0586696495025704,-0.0518691415023492,0.0331356778490147
14.3684867954232,3.35869544238666,0.154195640418658,0,0,-0.00360806335335103,2.76573531909731e-07,-1.57472360236792e-12,-0.0587841731544363,-0.0515539713322253,0.033937886861617
14.417193530323,3.36651835277329,0.153422631383146,0,0,-0.0036241311211443,1.85963345884717e-07,-2.66104020860605e-12,-0.0588978347150458,-0.051235578478404,0.0347338275453033
14.4659002652227,3.37430184798136,0.152649622347635,0,0,-0.00357255117642943,8.97728694056556e-08,-3.19328376052202e-12,-0.0590106325638867,-0.0509139836609586,0.0355233622882754
14.5146070001225,3.38204592801085,0.151876613312123,0,0,-0.00345573643632911,-5.24527806921848e-09,-3.18216540873977e-12,-0.0591225650931107,-0.050589207799939,0.0363063546567375
14.5633137350222,3.38975059286176,0.151103604276611,0,0,-0.00327725936402876,-9.29135206869907e-08,-2.71489652066243e-12,-0.0592336307075564,-0.0502612720140123,0.0370826694184469
14.6120204699219,3.39741584253411,0.1503305952411,0,0,-0.00304176068524553,-1.67994189303472e-07,-1.93058598752854e-12,-0.0593438278247721,-0.0499301976190909,0.0378521725660426
14.6607272048217,3.40504167702789,0.149557586205588,0,0,-0.00275484022991185,-2.26465526705931e-07,-9.92046033585472e-13,-0.0594531548750382,-0.0495960061269461,0.0386147313401515
14.7094339397214,3.41262809634309,0.148784577170076,0,0,-0.00242293231067608,-2.65697189560474e-07,-5.86294438467993e-14,-0.0595616103013896,-0.0492587192438153,0.0393702142522644
14.7581406746211,3.42017510047972,0.148011568134565,0,0,-0.00205316828511101,-2.84521085706243e-07,7.36155671976473e-13,-0.0596691925596378,-0.0489183588689915,0.0401184911073832
14.8068474095209,3.42768268943778,0.147238559099053,0,0,-0.00165322912959379,-2.8320059209814e-07,1.2997851662888e-12,-0.0597759001183929,-0.0485749470934021,0.0408594330264274
14.8555541444206,3.43515086321728,0.146465550063541,0,0,-0.00123119097748271,-2.633076733913e-07,1.58757536484078e-12,-0.0598817314590854,-0.0482285061981776,0.0415929124684047
14.9042608793204,3.44257962181819,0.14569254102803,0,0,-0.000795366641364008,-2.27522790982567e-07,1.60157519928217e-12,-0.0599866850759879,-0.0478790586532064,0.042318803252338
14.9529676142201,3.44996896524054,0.144919531992518,0,0,-0.000354146148767522,-1.79376484719644e-07,1.38290823757352e-12,-0.0600907594762362,-0.0475266271156781,0.0430369805789418
15.0016743491198,3.45731889348432,0.144146522957006,0,0,8.41607260901855e-05,-1.22953962796713e-07,9.99698593507818e-13,-0.0601939531798509,-0.0471712344286183,0.0437473210520507
15.0503810840196,3.46462940654952,0.143373513921495,0,0,0.000511477053195883,-6.25849012954061e-08,5.33013933117975e-13,-0.0602962647197582,-0.0468129036194063,0.0444497026997923
15.0990878189193,3.47190050443615,0.142600504885983,0,0,0.000920103731474617,-2.53999332599553e-09,6.31607534898785e-14,-0.0603976926418106,-0.0464516578982846,0.0451440049955001
15.1477945538191,3.47913218714422,0.141827495850471,0,0,0.00130285433852573,5.32462450222646e-08,-3.41751508817548e-13,-0.060498235504808,-0.0460875206568589,0.0458301088783663
15.1965012887188,3.4863244546737,0.14105448681496,0,0,0.00165317755912203,1.01410073614368e-07,-6.33689429633781e-13,-0.0605978918805177,-0.0457205154665806,0.0465078967738299
15.2452080236185,3.49347730702462,0.140281477779448,0,0,0.00196526518607872,1.39338206179487e-07,-7.88444283381145e-13,-0.060696660353695,-0.0453506660772286,0.0471772526136924
15.2939147585183,3.50059074419697,0.139508468743936,0,0,0.00223414399818347,1.6528477049842e-07,-8.05361800857036e-13,-0.0607945395221031,-0.0449779964153648,0.047838061855965
15.342621493418,3.50766476619075,0.138735459708425,0,0,0.00245575015575579,1.78422463504492e-07,-7.03725103227008e-13,-0.060891527996533,-0.0446025305827958,0.0484902115044354
15.3913282283178,3.51469937300595,0.137962450672913,0,0,0.00262698510830128,1.78829379659614e-07,-5.168386169183e-13,-0.0609876244008234,-0.0442242928550104,0.0491335901279622
15.4400349632175,3.52169456464258,0.137189441637401,0,0,0.00274575237368524,1.67417122677838e-07,-2.85026503908121e-13,-0.0610828273718797,-0.0438433076796125,0.0497680878794792
15.4887416981172,3.52865034110064,0.13641643260189,0,0,0.00281097491725482,1.45809267977477e-07,-4.87241361931224e-14,-0.0611771355596941,-0.0434595996747411,0.050393596514719
15.537448433017,3.53556670238013,0.135643423566378,0,0,0.00282259322544957,1.1618184794188e-07,1.57357933140359e-13,-0.0612705476273639,-0.0430731936274829,0.0510100094106467
15.5861551679167,3.54244364848105,0.134870414530866,0,0,0.00278154452492107,8.10791752945587e-08,3.08326699683289e-13,-0.0613630622511112,-0.0426841144922697,0.0516172215836015
15.6348619028164,3.5492811794034,0.134097405495355,0,0,0.00268972393861925,4.32189641916481e-08,3.91141881200244e-13,-0.061454678120301,-0.0422923873892692,0.0522151297071424
15.6835686377162,3.55607929514718,0.133324396459843,0,0,0.00254992868871984,5.30038516346773e-09,4.04624866794658e-13,-0.06154539393746,-0.0418980376027638,0.0528036321295975
15.7322753726159,3.56283799571238,0.132551387424331,0,0,0.00236578674722456,-3.01725085407719e-08,3.57759403562595e-13,-0.0616352084182952,-0.0415010905795201,0.0533826288913094
15.7809821075157,3.56955728109901,0.13177837838882,0,0,0.00214167159374977,-6.10414758128849e-08,2.66797697781115e-13,-0.0617241202917116,-0.0411015719271496,0.0539520217415795
15.8296888424154,3.57623715130707,0.131005369353308,0,0,0.00188260496232194,-8.56108769320487e-08,1.51776569930526e-13,-0.0618121282998305,-0.0406995074124522,0.0545117141553049
15.8783955773151,3.58287760633656,0.130232360317796,0,0,0.00159414964157243,-1.02725357263073e-07,3.30379277416712e-14,-0.0618992311980073,-0.0402949229597618,0.0550616113493038
15.9271023122149,3.58947864618748,0.129459351282285,0,0,0.00128229453303442,-1.11806186777847e-07,-7.17464314708892e-14,-0.0619854277548487,-0.0398878446492739,0.0556016202983311
15.9758090471146,3.59604027085983,0.128686342246773,0,0,0.000953334268594754,-1.1284690736866e-07,-1.49697030325419e-13,-0.0620707167522306,-0.0394782987153621,0.056131649750776
16.0245157820144,3.60256248035361,0.127913333211261,0,0,0.000613745739699181,-1.06371574463181e-07,-1.93824950137657e-13,-0.062155096985315,-0.0390663115448928,0.0566516102440443
16.0732225169141,3.60904527466881,0.12714032417575,0,0,0.000270063897657234,-9.33611031304636e-08,-2.03109401918086e-13,-0.0622385672625669,-0.0386519096755233,0.0571614141196201
16.1219292518138,3.61548865380544,0.126367315140238,0,0,-7.12408528185438e-05,-7.51549253772089e-08,-1.81704282648388e-13,-0.0623211264057714,-0.0382351197939949,0.0576609755378023
16.1706359867136,3.6218926177635,0.125594306104726,0,0,-0.000403881424238857,-5.33362616921787e-08,-1.37525126655092e-13,-0.0624027732500501,-0.0378159687344166,0.0581502104921189
16.2193427216133,3.62825716654299,0.124821297069215,0,0,-0.000721866857999357,-2.96097780667561e-08,-8.05174090078218e-14,-0.0624835066438777,-0.0373944834765355,0.0586290368234112
16.2680494565131,3.63458230014391,0.124048288033703,0,0,-0.00101960721027585,-5.68025514342822e-09,-2.09055917575496e-14,-0.0625633254490979,-0.0369706911440002,0.0590973742335881
16.3167561914128,3.64086801856626,0.123275278998191,0,0,-0.0012920087348413,1.68598064798783e-08,3.2322096804794e-14,-0.0626422285409398,-0.0365446190026226,0.0595551442990506
16.3654629263125,3.64711432181003,0.12250226996268,0,0,-0.00153455780391301,3.66268939776512e-08,7.2512256794904e-14,-0.0627202148080335,-0.0361162944586197,0.0600022704837776
16.4141696612123,3.65332120987524,0.121729260927168,0,0,-0.00174339225080969,5.25222840207219e-08,9.59358445363162e-14,-0.0627972831524257,-0.0356857450568514,0.0604386781520781
16.462876396112,3.65948868276187,0.120956251891657,0,0,-0.00191535908009333,6.37834823841504e-08,1.01864010539839e-13,-0.0628734324895954,-0.035252998479051,0.0608642945810025
16.5115831310118,3.66561674046993,0.120183242856145,0,0,-0.00204805776671119,7.00097061410647e-08,9.22002712214801e-14,-0.0629486617484687,-0.0348180825420481,0.0612790489724151
16.5602898659115,3.67170538299942,0.119410233820633,0,0,-0.00213986865001852,7.11616419602596e-08,7.07918470911643e-14,-0.0630229698714344,-0.0343810251959799,0.0616828724647206
16.6089966008112,3.67775461035034,0.118637224785122,0,0,-0.00218996621598684,6.75373926384012e-08,4.25698135691021e-14,-0.0630963558143584,-0.0339418545224962,0.0620756981442478
16.657703335711,3.68376442252269,0.11786421574961,0,0,-0.00219831734598301,5.97279528187498e-08,1.26687657670245e-14,-0.0631688185465985,-0.0335005987329572,0.062457461056287
16.7064100706107,3.68973481951646,0.117091206714098,0,0,-0.00216566488799749,4.85566580966005e-08,-1.43440978897991e-14,-0.0632403570510189,-0.0330572861666193,0.0628280982157766
16.7551168055104,3.69566580133167,0.116318197678587,0,0,-0.00209349717111589,3.50077806555005e-08,-3.50367809701519e-14,-0.0633109703240042,-0.0326119452888204,0.0631875486176408
16.8038235404102,3.7015573679683,0.115545188643075,0,0,-0.00198400433171642,2.01497787539949e-08,-4.74274800478954e-14,-0.063380657375474,-0.0321646046891484,0.0635357532467755
16.8525302753099,3.70740951942636,0.114772179607563,0,0,-0.00184002254610928,5.05865385963288e-09,-5.10412684551453e-14,-0.0634494172288963,-0.0317152930796092,0.0638726550876796
16.9012370102097,3.71322225570585,0.113999170572052,0,0,-0.00166496746537152,-9.25353988769253e-09,-4.67410147804439e-14,-0.063517248921301,-0.0312640392927842,0.0641981991337314
16.9499437451094,3.71899557680677,0.11322616153654,0,0,-0.00146275832078129,-2.19007007248745e-08,-3.63924376548009e-14,-0.063584151503294,-0.0308108722799839,0.0645123323961086
16.9986504800091,3.72472948272912,0.112453152501028,0,0,-0.00123773430992345,-3.21718104038516e-08,-2.2437627551028e-14,-0.06365012403907,-0.0303558211093864,0.0648150039123502
17.0473572149089,3.73042397347289,0.111680143465517,0,0,-0.000994564982259178,-3.95649014698379e-08,-7.4528261308459e-15,-0.0637151656064256,-0.0298989149641746,0.0651061647545582
17.0960639498086,3.7360790490381,0.110907134430005,0,0,-0.000738156417415684,-4.38047391952386e-08,6.2434225119922e-15,-0.0637792752967723,-0.0294401831406711,0.0653857680372391
17.1447706847084,3.74169470942473,0.110134125394493,0,0,-0.000473555029012015,-4.48442529511898e-08,1.68832996023291e-14,-0.0638424522151489,-0.0289796550464551,0.065653768924783
17.1934774196081,3.74727095463279,0.109361116358982,0,0,-0.000205850831509681,-4.28508205395578e-08,2.34173228965495e-14,-0.0639046954802346,-0.0285173601984784,0.0659101246385791
17.2421841545078,3.75280778466228,0.10858810732347,0,0,5.99180219742466e-05,-3.81794262197423e-08,2.55521831832674e-14,-0.0639660042243604,-0.0280533282211774,0.0661547944637686
17.2908908894076,3.7583051995132,0.107815098287958,0,0,0.000318857685443642,-3.13354295500923e-08,2.36738086875742e-14,-0.0640263775935217,-0.0275875888445732,0.066387739755629
17.3395976243073,3.76376319918555,0.107042089252447,0,0,0.000566306397501175,-2.29301652996303e-08,1.86848114979452e-14,-0.0640858147473904,-0.02712017190237,0.0666089239455954
17.3883043592071,3.76918178367932,0.106269080216935,0,0,0.00079791606086294,-1.36328299153834e-08,1.17931967691378e-14,-0.0641443148593257,-0.0266511073300408,0.0668183125469116
17.4370110941068,3.77456095299453,0.105496071181423,0,0,0.00100972624224671,-4.12210012065143e-09,4.29041767929133e-15,-0.0642018771163865,-0.0261804251629162,0.0670158731599153
17.4857178290065,3.77990070713116,0.104723062145912,0,0,0.00119822938144705,4.95930710661483e-09,-2.64760808253365e-15,-0.0642585007193422,-0.0257081555342584,0.0672015754769528
17.5344245639063,3.78520104608922,0.1039500531104,0,0,0.00136042618771239,1.30443543989764e-08,-8.11150506803789e-15,-0.0643141848826837,-0.0252343286733344,0.0673753912869249
17.583131298806,3.79046196986871,0.103177044074888,0,0,0.00149387040574633,1.96734868615663e-08,-1.15472998870822e-14,-0.0643689288346346,-0.0247589749034826,0.067537294479461
17.6318380337058,3.79568347846963,0.102404035039377,0,0,0.00159670234865491,2.451700494336e-08,-1.27801392772373e-14,-0.0644227318171616,-0.0242821246401702,0.0676872610487247
17.6805447686055,3.80086557189198,0.101631026003865,0,0,0.00166767081672883,2.73872275217841e-08,-1.19797171380793e-14,-0.0644755930859849,-0.0238038083890511,0.0678252690968458
17.7292515035052,3.80600825013575,0.100858016968353,0,0,0.00170614324482824,2.82403959579072e-08,-9.58156972593964e-15,-0.0645275119105888,-0.0233240567440159,0.0679512988369806
17.777958238405,3.81111151320096,0.100085007932842,0,0,0.00171210414312128,2.71689498272827e-08,-6.18251771363938e-15,-0.0645784875742314,-0.0228429003852308,0.068065332596001
17.8266649733047,3.81617536108759,0.0993119988973302,0,0,0.00168614211193325,2.4385393279342e-08,-2.42937402265337e-15,-0.0646285193739549,-0.0223603700771824,0.0681673548168098
17.8753717082044,3.82119979379565,0.0985389898618185,0,0,0.00162942591760997,2.01994355058352e-08,1.08200698640183e-15,-0.0646776066205947,-0.0218764966667092,0.0682573520602835
17.9240784431042,3.82618481132514,0.0977659808263069,0,0,0.00154367030896844,1.49904081024462e-08,3.8844418735491e-15,-0.0647257486387893,-0.0213913110810282,0.0683353130068419
17.9727851780039,3.83113041367606,0.0969929717907952,0,0,0.00143109242981426,9.17712584248925e-09,5.68637091957247e-15,-0.0647729447669894,-0.0209048443257617,0.0684012284576442
18.0214919129037,3.83603660084841,0.0962199627552836,0,0,0.00129435983924035,3.18736622096885e-09,6.38614146565585e-15,-0.0648191943574669,-0.0204171274829567,0.0684550913354122
18.0701986478034,3.84090337284218,0.0954469537197719,0,0,0.00113653128550875,-2.57099209360583e-09,6.05671383313739e-15,-0.0648644967763238,-0.0199281917090986,0.0684968966848796
18.1189053827031,3.84573072965739,0.0946739446842602,0,0,0.000960991489241803,-7.73539150991271e-09,4.90765077157872e-15,-0.064908851403501,-0.0194380682331238,0.0685266416728682
18.1676121176029,3.85051867129402,0.0939009356487486,0,0,0.000771381275889702,-1.20091560487471e-08,3.23343920006225e-15,-0.0649522576327865,-0.018946788354424,0.0685443255879912
18.2163188525026,3.85526719775208,0.0931279266132369,0,0,0.00057152445498641,-1.51761930998256e-08,1.35773402824108e-15,-0.0649947148718238,-0.0184543834408479,0.0685499498399829
18.2650255874024,3.85997630903157,0.0923549175777253,0,0,0.000365352874060317,-1.71092990700632e-08,-4.17810313778145e-16,-0.0650362225421199,-0.0179608849267011,0.0685435179586564
18.3137323223021,3.86464600513249,0.0915819085422136,0,0,0.000156831078251485,-1.77719928595219e-08,-1.85348050923169e-15,-0.0650767800790531,-0.0174663243107381,0.068525035592488
18.3624390572018,3.86927628605484,0.090808899506702,0,0,-5.01180167712303e-05,-1.72142333807258e-08,-2.79623888140564e-15,-0.0651163869318809,-0.016970733154154,0.0684945105068307
18.4111457921016,3.87386715179861,0.0900358904711903,0,0,-0.000251685080093689,-1.55627542685032e-08,-3.1880884591966e-15,-0.065155042563747,-0.0164741430785708,0.0684519525817551
18.4598525270013,3.87841860236382,0.0892628814356786,0,0,-0.000444242663806977,-1.3007049741949e-08,-3.0594440316729e-15,-0.0651927464516888,-0.015976585764023,0.0683973738095196
18.5085592619011,3.88293063775045,0.088489872400167,0,0,-0.000624408654548753,-9.78225605741589e-09,-2.51082551251525e-15,-0.0652294980866445,-0.0154780929469323,0.0683307882916706
18.5572659968008,3.88740325795851,0.0877168633646553,0,0,-0.000789103804254341,-6.15028591514803e-09,-1.6873477977619e-15,-0.0652652969734597,-0.0149786964180894,0.0682522122357721
18.6059727317005,3.891836462988,0.0869438543291437,0,0,-0.000935602399091439,-2.38058829888257e-09,-7.50812912192492e-16,-0.0653001426308943,-0.0144784280206244,0.0681616639517669
18.6546794666003,3.89623025283892,0.086170845293632,0,0,-0.00106157527322075,1.26817024940293e-09,1.46201933722832e-16,-0.0653340345916285,-0.0139773196479774,0.0680591638479688
18.7033862015,3.90058462751127,0.0853978362581204,0,0,-0.00116512453325016,4.56436319504085e-09,8.80846212855547e-16,-0.0653669724022695,-0.0134754032418659,0.0679447344266881
18.7520929363997,3.90489958700504,0.0846248272226087,0,0,-0.00124480952682665,7.31668058521641e-09,1.37299013513026e-15,-0.0653989556233574,-0.0129727107902508,0.0678184002794895
18.8007996712995,3.90917513132025,0.0838518181870971,0,0,-0.00129966376144681,9.3837691244756e-09,1.5900240103498e-15,-0.0654299838293706,-0.0124692743252999,0.0676801880820857
18.8495064061992,3.91341126045688,0.0830788091515854,0,0,-0.0013292026539478,1.06798682960912e-08,1.54406345488424e-15,-0.0654600566087319,-0.0119651259213424,0.0675301265888655
18.898213141099,3.91760797441494,0.0823058001160738,0,0,-0.00133342216399153,1.11763661179021e-08,1.28315912957948e-15,-0.0654891735638138,-0.0114602976928321,0.0673682466270579
18.9469198759987,3.92176527319443,0.0815327910805621,0,0,-0.00131278853299702,1.08994727484861e-08,8.78720535623418e-16,-0.0655173343109435,-0.0109548217922993,0.067194581090536
18.9956266108984,3.92588315679535,0.0807597820450505,0,0,-0.0012682195103895,9.92445147583981e-09,4.11560048268616e-16,-0.0655445384804081,-0.0104487304083052,0.0670091649332576
19.0443333457982,3.9299616252177,0.0799867730095388,0,0,-0.00120105759890625,8.36704117300052e-09,-4.12172037388159e-17,-0.0655707857164593,-0.00994205576338955,0.0668120351623466
19.0930400806979,3.93400067846147,0.0792137639740271,0,0,-0.00111303598747238,6.37284271470865e-09,-4.16724383585986e-16,-0.0655960756773179,-0.00943483011202543,0.0666032308308172
19.1417468155977,3.93800031652667,0.0784407549385155,0,0,-0.00100623796157637,4.10551913018385e-09,-6.73101921756523e-16,-0.0656204080351785,-0.00892708573856376,0.0663827930299391
19.1904535504974,3.94196053941331,0.0776677459030038,0,0,-0.000883050685210948,1.73467483070693e-09,-7.92227927790117e-16,-0.0656437824762133,-0.00841885495517903,0.0661507648812492
19.2391602853971,3.94588134712137,0.0768947368674922,0,0,-0.00074611433373722,-5.75763379664262e-10,-7.7858578474913e-16,-0.0656661987005763,-0.00791017009981338,0.0659071915282069
19.2878670202969,3.94976273965086,0.0761217278319805,0,0,-0.000598267622300764,-2.67793452621079e-09,-6.55057345405859e-16,-0.0656876564224072,-0.00740106353412045,0.0656521201274999
19.3365737551966,3.95360471700178,0.0753487187964689,0,0,-0.000442490818895757,-4.44860680768613e-09,-4.56731472971781e-16,-0.0657081553698345,-0.00689156764140907,0.0653855998399962
19.3852804900964,3.95740727917412,0.0745757097609572,0,0,-0.000281847354459153,-5.79548604916446e-09,-2.23931555456513e-16,-0.0657276952849794,-0.00638171482458235,0.0651076818213491
19.4339872249961,3.9611704261679,0.0738027007254455,0,0,-0.00011942514450432,-6.6610195998903e-09,4.41163274081644e-18,-0.0657462759239585,-0.00587153750407803,0.0648184192122548
19.4826939598958,3.9648941579831,0.0730296916899339,0,0,4.17212818117745e-05,-7.02362952668937e-09,1.96142512776615e-16,-0.0657638970568874,-0.00536106811580866,0.0645178671283637
19.5314006947956,3.96857847461974,0.0722566826544222,0,0,0.000198626787860042,-6.89648330115258e-09,3.29440283251172e-16,-0.0657805584678825,-0.00485033910909862,0.0642060826498488
19.5801074296953,3.9722233760778,0.0714836736189106,0,0,0.000348468770993585,-6.3240645418156e-09,3.94330520604782e-16,-0.0657962599550644,-0.00433938294462247,0.0638831248106327
19.628814164595,3.97582886235729,0.0707106645833989,0,0,0.000488616514036625,-5.37693204780891e-09,3.92253961684812e-16,-0.0658110013305599,-0.00382823209234447,0.0635490545872741
19.6775208994948,3.97939493345821,0.0699376555478873,0,0,0.000616675911842961,-4.14514617758418e-09,3.34060627285258e-16,-0.0658247824205042,-0.00331691902945363,0.0632039348875183
19.7262276343945,3.98292158938055,0.0691646465123756,0,0,0.000730528841805771,-2.73089416780112e-09,2.36966026640027e-16,-0.0658376030650427,-0.00280547623830434,0.0628478305385117
19.7749343692943,3.98640883012433,0.068391637476864,0,0,0.000828366562391191,-1.24085961096093e-09,1.21070967592106e-16,-0.0658494631183329,-0.00229393620434948,0.0624808082746821
19.823641104194,3.98985665568953,0.0676186284413523,0,0,0.000908716647919007,2.21142013442147e-10,6.01451721561513e-18,-0.0658603624485457,-0.00178233141407928,0.0621029367252911
19.8723478390937,3.99326506607617,0.0668456194058406,0,0,0.000970463098427081,1.56079586949394e-09,-9.17792390301124e-17,-0.0658703009378673,-0.00127069435296133,0.0617142864016547
19.9210545739935,3.99663406128423,0.066072610370329,0,0,0.00101285939796681,2.69880506678884e-09,-1.60958016221819e-16,-0.0658792784824994,-0.000759057503376099,0.0613149296840398
19.9697613088932,3.99996364131372,0.0652996013348173,0,0,0.00103553443050364,3.57501121751531e-09,-1.9607577650948e-16,-0.065887294992661,-0.000247453342555126,0.0609049408082356
20.018468043793,4.00325380616464,0.0645265922993057,0,0,0.00103849129718844,4.15094956326697e-09,-1.97445813184029e-16,-0.0658943503925885,0.000264085659475096,0.0604843958518058
20.0671747786927,4.00650455583698,0.063753583263794,0,0,0.00102209920964949,4.41078562021844e-09,-1.70188235298752e-16,-0.0659004446205365,0.000775527041961152,0.0600533727200192
20.1158815135924,4.00971589033076,0.0629805742282823,0,0,0.000987078758780611,4.36069089895751e-09,-1.22735845754754e-16,-0.0659055776287781,0.00128683835547337,0.0596119511314669
20.1645882484922,4.01288780964596,0.0622075651927707,0,0,0.000934480975079946,4.0268139152963e-09,-6.5098746604013e-17,-0.0659097493836049,0.00179798716396837,0.0591602126033647
20.2132949833919,4.0160203137826,0.061434556157259,0,0,0.000865660702939254,3.45208379741492e-09,-7.17540338192344e-18,-0.0659129598653268,0.00230894104684747,0.0586982404365452
20.2620017182917,4.01911340274066,0.0606615471217474,0,0,0.000782244905640329,2.69214326221224e-09,4.26541197015923e-17,-0.0659152090682719,0.00281966760100641,0.0582261197001397
20.3107084531914,4.02216707652015,0.0598885380862357,0,0,0.000686096598688661,1.81074325319985e-09,7.84947837547993e-17,-0.065916497000786,0.00333013444289562,0.0577439372159599
20.3594151880911,4.02518133512107,0.059115529050724,0,0,0.000579275175293202,8.74942527379483e-10,9.73933126922088e-17,-0.0659168236852315,0.00384030921056891,0.057251781542572
20.4081219229909,4.02815617854341,0.0583425200152124,0,0,0.000463993938372002,-4.95569677772996e-11,9.92996584418548e-17,-0.065916189157987,0.00435015956573529,0.0567497429590736
20.4568286578906,4.03109160678719,0.0575695109797007,0,0,0.00034257568782314,-9.0264142541378e-10,8.66167734223124e-17,-0.0659145934694458,0.00485965319580951,0.0562379134485751
20.5055353927904,4.03398761985239,0.0567965019441891,0,0,0.000217407229659482,-1.63333621089668e-09,6.34683422678872e-17,-0.0659120366840146,0.00536875781595554,0.0557163866813851
20.5542421276901,4.03684421773903,0.0560234929086774,0,0,9.08936749874921e-05,-2.20249264235957e-09,3.48342816291449e-17,-0.0659085188801122,0.00587744117113305,0.05518525799791
20.6029488625898,4.03966140044709,0.0552504838731657,0,0,-3.45866179565205e-05,-2.58449710332776e-09,5.69924087521125e-18,-0.0659040401501676,0.00638567103814423,0.054644624391259
20.6516555974896,4.04243916797658,0.0544774748376541,0,0,-0.000156725635793212,-2.76796188286094e-09,-1.96654169763695e-17,-0.0658986006006177,0.00689341522766895,0.0540945844895729
20.7003623323893,4.0451775203275,0.0537044658021424,0,0,-0.000273327058014933,-2.75542726051736e-09,-3.82038646922406e-17,-0.065892200351906,0.00740064158630315,0.0535352385380653
20.749069067289,4.04787645749984,0.0529314567666307,0,0,-0.00038234464143909,-2.56216736048306e-09,-4.83240151196037e-17,-0.0658848395384794,0.00790731799859879,0.0529666883807929
20.7977758021888,4.05053597949362,0.0521584477311191,0,0,-0.000481916992023601,-2.21424456219414e-09,-4.98959916864315e-17,-0.0658765183087861,0.00841341238908949,0.0523890374421439
20.8464825370885,4.05315608630882,0.0513854386956074,0,0,-0.000570398156017738,-1.74599612029543e-09,-4.40404329645221e-17,-0.0658672368252727,0.0089188927243279,0.0518023907080629
20.8951892719883,4.05573677794546,0.0506124296600957,0,0,-0.000646383552276663,-1.19716054022374e-09,-3.2770207022032e-17,-0.0658569952643811,0.00942372701490291,0.0512068547070025
20.943896006888,4.05827805440352,0.0498394206245841,0,0,-0.000708730864370247,-6.09859705563706e-10,-1.85601881858973e-17,-0.0658457938165459,0.00992788331747601,0.0506025374906132
20.9926027417877,4.06077991568301,0.0490664115890724,0,0,-0.000756575612919088,-2.5646340950104e-11,-3.91833821804392e-18,-0.06583363268619,0.0104313297367886,0.0499895486141743
21.0413094766875,4.06324236178393,0.0482934025535608,0,0,-0.000789341233395008,5.17193362041402e-10,8.98039371704766e-18,-0.0658205120917222,0.0109340344276869,0.0493679991167634
21.0900162115872,4.06566539270627,0.0475203935180491,0,0,-0.000806743590418909,9.85922942813897e-10,1.85545694519326e-17,-0.0658064322655324,0.0114359655971359,0.0487380015011771
21.138722946487,4.06804900845005,0.0467473844825374,0,0,-0.000808789964389541,1.35510470590822e-09,2.39503122576279e-17,-0.0657913934539883,0.0119370915062235,0.0480996697135982
21.1874296813867,4.07039320901525,0.0459743754470258,0,0,-0.000795772648157881,1.60773866282768e-09,2.50495429378711e-17,-0.0657753959174308,0.012437380472171,0.0474531191230201
21.2361364162864,4.07269799440189,0.0452013664115141,0,0,-0.000768257388594087,1.73576126974015e-09,2.23710395951052e-17,-0.06575843993017,0.0129368008703377,0.0467984665004247
21.2848431511862,4.07496336460995,0.0444283573760025,0,0,-0.000727066998575785,1.73991827383637e-09,1.68954447963064e-17,-0.0657405257804801,0.013435321136209,0.0461358299977244
21.3335498860859,4.07718931963944,0.0436553483404908,0,0,-0.000673260547612545,1.6290661874448e-09,9.85138374778063e-18,-0.065721653770595,0.0139329097674052,0.0454653291264694
21.3822566209857,4.07937585949036,0.0428823393049791,0,0,-0.000608108612648127,1.41899055745248e-09,2.4995976206548e-18,-0.0657018242167031,0.0144295353256579,0.0447870847363224
21.4309633558854,4.0815229841627,0.0421093302694675,0,0,-0.000533065133389219,1.13085455331532e-09,-4.0535327925102e-18,-0.0656810374489423,0.0149251664388031,0.0441012189933062
21.4796700907851,4.08363069365648,0.0413363212339558,0,0,-0.000449736467856625,7.89407399688861e-10,-8.99087051140953e-18,-0.0656592938113942,0.0154197718027607,0.0434078553578292
21.5283768256849,4.08569898797168,0.0405633121984441,0,0,-0.00035984828303538,4.21088463945287e-10,-1.1856532563092e-17,-0.065636593662079,0.0159133201835077,0.0427071185624895
21.5770835605846,4.08772786710832,0.0397903031629325,0,0,-0.000265210942047914,5.21596766652353e-11,-1.25645711615382e-17,-0.0656129373729491,0.016405780419057,0.0419991345896667
21.6257902954844,4.08971733106638,0.0390172941274208,0,0,-0.000167684062968121,-2.93012684792387e-10,-1.13530547275003e-17,-0.0655883253298838,0.0168971214214169,0.0412840306488981
21.6744970303841,4.09166737984587,0.0382442850919091,0,0,-6.9140925255985e-05,-5.93424587721112e-10,-8.69875906550772e-18,-0.0655627579326822,0.0173873121785533,0.0405619351540532
21.7232037652838,4.09357801344679,0.0374712760563975,0,0,2.85666119175944e-05,-8.32571074822882e-10,-5.2109505537895e-18,-0.0655362355950577,0.0178763217563525,0.0398329777002991
21.7719105001836,4.09544923186913,0.0366982670208858,0,0,0.000123642038980141,-9.9920269746118e-10,-1.52283980823174e-18,-0.0655087587446304,0.0183641193005644,0.03909728904087
21.8206172350833,4.09728103511291,0.0359252579853742,0,0,0.000214376367601659,-1.08767972458647e-09,1.80330770891674e-18,-0.0654803278229213,0.0188506740387558,0.0383550010636408
21.869323969983,4.09907342317811,0.0351522489498625,0,0,0.000299177985034284,-1.0979304257433e-09,4.34590166077597e-18,-0.0654509432853445,0.0193359552822437,0.0376062467675126
21.9180307048828,4.10082639606475,0.0343792399143508,0,0,0.000376599686579441,-1.03504536337747e-09,5.86252758123636e-18,-0.0654206056012001,0.0198199324280383,0.0368511602386075
21.9667374397825,4.10253995377281,0.0336062308788392,0,0,0.000445362444870981,-9.08561271390847e-10,6.29659871408347e-18,-0.0653893152536672,0.0203025749607638,0.0360898766262836
22.0154441746823,4.1042140963023,0.0328332218433275,0,0,0.000504375544754166,-7.31504611318386e-10,5.75621984676155e-18,-0.0653570727397955,0.0207838524545872,0.0353225321189715
22.064150909582,4.10584882365321,0.0320602128078159,0,0,0.000552752788017928,-5.19275573878685e-10,4.47268280436424e-18,-0.0653238785704983,0.0212637345751321,0.0345492639198368
22.1128576444817,4.10744413582556,0.0312872037723042,0,0,0.000589824551583961,-2.88457858486483e-10,2.74777516742124e-18,-0.0652897332705439,0.0217421910813915,0.033770210222274
22.1615643793815,4.10900003281934,0.0305141947367925,0,0,0.000615145564414348,-5.56381661832665e-11,8.99246877936556e-19,-0.0652546373785475,0.0222191918276348,0.032985510185236
22.2102711142812,4.11051651463454,0.0297411857012809,0,0,0.000628498350803274,1.63687486077888e-10,-7.87427863082985e-19,-0.0652185914469627,0.0226947067653009,0.0321953039084012
22.258977849181,4.11199358127118,0.0289681766657692,0,0,0.000629892369321683,3.56054929373586e-10,-2.09504399340345e-18,-0.065181596042073,0.0231687059448929,0.0313997324071851
22.3076845840807,4.11343123272924,0.0281951676302575,0,0,0.000619558955988268,5.10769682432607e-10,-2.89516422176758e-18,-0.0651436517439828,0.0236411595178681,0.0305989375876014
22.3563913189804,4.11482946900873,0.0274221585947459,0,0,0.000597942255822694,6.2040781321131e-10,-3.15261455138339e-18,-0.0651047591466084,0.0241120377385077,0.0297930622209754
22.4050980538802,4.11618829010965,0.0266491495592342,0,0,0.000565686397473848,6.81064272006109e-10,-2.91585123617522e-18,-0.065064918857669,0.0245813109657967,0.0289822499185134
22.4538047887799,4.11750769603199,0.0258761405237226,0,0,0.000523619229905817,6.92350939690392e-10,-2.29681141145973e-18,-0.0650241314986766,0.0250489496652845,0.0281666451057354
22.5025115236797,4.11878768677577,0.0251031314882109,0,0,0.000472732997107724,6.57162969102759e-10,-1.44480376207289e-18,-0.064982397704927,0.0255149244109438,0.0273463929967744
22.5512182585794,4.12002826234097,0.0243301224526992,0,0,0.000414162375569392,5.81245903244293e-10,-5.19135313161814e-19,-0.0649397181254898,0.0259792058870231,0.0265216395685435
22.5999249934791,4.1212294227276,0.0235571134171876,0,0,0.000349160339103811,4.72606793083475e-10,3.35387613452165e-19,-0.064896093423198,0.026441764889887,0.0256925315347856
22.6486317283789,4.12239116793567,0.0227841043816759,0,0,0.000279072345952003,3.40819635862269e-10,1.00701180195463e-18,-0.0648515242746381,0.0269025723298544,0.0248592163199956
22.6973384632786,4.12351349796516,0.0220110953461642,0,0,0.000205309363616319,1.96278712303848e-10,1.42791022513308e-18,-0.0648060113701395,0.0273615992330288,0.0240218420332299
22.7460451981783,4.12459641281607,0.0212380863106526,0,0,0.000129320257365397,4.94528863958495e-11,1.57702115364464e-18,-0.064759555413764,0.0278188167431135,0.0231805574418077
22.7947519330781,4.12563991248842,0.0204650772751409,0,0,5.25640688583481e-05,-8.98100435397065e-11,1.47571057777675e-18,-0.0647121571232947,0.0282741961232289,0.0223355119449048
22.8434586679778,4.1266439969822,0.0196920682396293,0,0,-2.35172979471906e-05,-2.12886771865762e-10,1.17801285446667e-18,-0.0646638172302252,0.0287277087577181,0.0214868555470444
22.8921654028776,4.1276086662974,0.0189190592041176,0,0,-9.75254851257961e-05,-3.12856708309073e-10,7.57708164491785e-19,-0.064614536479748,0.0291793261539422,0.0206347388314944
22.9408721377773,4.12853392043403,0.0181460501686059,0,0,-0.000168130712418766,-3.84832699108996e-10,2.94594676516659e-19,-0.0645643156307436,0.029629019944069,0.0197793129335709
22.989578872677,4.1294197593921,0.0173730411330943,0,0,-0.000234094996932852,-4.26133316964645e-10,-1.37942313973391e-19,-0.0645131554557681,0.0300767618868597,0.0189207295138559
23.0382856075768,4.13026618317159,0.0166000320975826,0,0,-0.00029429316867395,-4.362970402176e-10,-4.82479863845057e-19,-0.0644610567410422,0.0305225238694331,0.0180591407313319
23.0869923424765,4.1310731917725,0.0158270230620709,0,0,-0.000347731339055602,-4.16949041407281e-10,-7.0330533058149e-19,-0.0644080202864383,0.0309662779090352,0.0171946992164373
23.1356990773763,4.13184078519485,0.0150540140265593,0,0,-0.000393562534196455,-3.71540231722343e-10,-7.88134645075705e-19,-0.0643540469054691,0.0314079961547943,0.0163275580440542
23.184405812276,4.13256896343863,0.0142810049910476,0,0,-0.000431099263670926,-3.0498518108236e-10,-7.46188566611895e-19,-0.0642991374252743,0.0318476508894685,0.01545787070642
23.2331125471757,4.13325772650383,0.013507995955536,0,0,-0.000459822857220442,-2.23230237891818e-10,-6.03477572262248e-19,-0.0642432926866087,0.03228521453118,0.0145857910859868
23.2818192820755,4.13390707439046,0.0127349869200243,0,0,-0.000479389465556038,-1.32785465034103e-10,-3.96413672761741e-19,-0.0641865135438288,0.0327206596351482,0.0137114734282102
23.3305260169752,4.13451700709853,0.0119619778845126,0,0,-0.000489632685566882,-4.02539160646843e-11,-1.64931999467298e-19,-0.0641288008648803,0.0331539588954102,0.0128350723142927
23.379232751875,4.13508752462802,0.011188968849001,0,0,-0.000490562833789538,4.81105202584657e-11,5.38108184221057e-20,-0.0640701555312841,0.0335850851465305,0.0119567426338764
23.4279394867747,4.13561862697893,0.0104159598134893,0,0,-0.000482362953723321,1.26789664246366e-10,2.30345583596319e-19,-0.0640105784381236,0.034014011365304,0.0110766395576899
23.4766462216744,4.13611031415128,0.00964295077797764,0,0,-0.000465381701390506,1.91310595035787e-10,3.4591982082854e-19,-0.063950070494031,0.0344407106724504,0.010194918510158
23.5253529565742,4.13656258614506,0.00886994174246598,0,0,-0.000440123308406948,2.38463474551655e-10,3.93507677345603e-19,-0.0638886326211728,0.0348651563342952,0.00931173514197687
23.5740596914739,4.13697544296026,0.00809693270695432,0,0,-0.000407234871814864,2.6642004723535e-10,3.76973285023575e-19,-0.0638262657552365,0.0352873217644442,0.00842724530265868
23.6227664263737,4.13734888459689,0.00732392367144265,0,0,-0.000367491264211822,2.74752325073707e-10,3.08798912054174e-19,-0.0637629708454161,0.0357071805254486,0.00754160501305103
23.6714731612734,4.13768291105495,0.00655091463593099,0,0,-0.000321777995588697,2.6435758381832e-10,2.06930945128862e-19,-0.0636987488543976,0.0361247063304591,0.00665497043784059
23.7201798961731,4.13797752233444,0.00577790560041933,0,0,-0.000271072389198817,2.37301521081164e-10,9.13365477406546e-20,-0.0636336007583446,0.0365398730448713,0.00576749785803433
23.7688866310729,4.13823271843536,0.00500489656490767,0,0,-0.000216423457296628,1.96595948547875e-10,-1.91879351845698e-20,-0.0635675275468832,0.0369526546879589,0.00487934364343835
23.8175933659726,4.13844849935771,0.004231887529396,0,0,-0.000158930878429248,1.45930499479652e-10,-1.09537231920293e-19,-0.0635005302230873,0.0373630254345011,0.00399066422512713
23.8663001008723,4.13862486510149,0.00345887849388434,0,0,-9.97234860090762e-05,8.93794281544678e-11,-1.69889177793832e-19,-0.0634326098034632,0.0377709596163963,0.00310161606791254
23.9150068357721,4.13876181566669,0.00268586945837268,0,0,-3.99376781584353e-05,3.11046663090395e-11,-1.96285689627512e-19,-0.0633637673179343,0.0381764317242647,0.00221235564281998
23.9637135706718,4.13885935105332,0.00191286042286102,0,0,1.93038485393128e-05,-2.49250117522652e-11,-1.90278381959373e-19,-0.0632940038098253,0.0385794164090466,0.00132303939956974
24.0124203055716,4.13891747126138,0.00113985138734936,0,0,7.69126534232241e-05,-7.51813890004676e-11,-1.57837193578348e-19,-0.0632233203358467,0.0389798884835815,0.000433823739076063
24.0611270404713,4.13893617629088,0.000366842351837694,0,0,0.000131854027878262,-1.16776925460625e-10,-1.07795188396157e-19,-0.0631517179660788,0.0393778229241853,-0.000455135014040255
24.109833775371,4.13891546614179,-0.000406166683673968,0,0,0.000183165054709024,-1.47607890372384e-10,-5.01263981393864e-20,-0.0630791977839552,0.03977319487221,-0.00134368063890662
24.1585405102708,4.13885534081414,-0.00117917571918563,0,0,0.000229970945864388,-1.66435271617149e-10,5.6691750629595e-21,-0.0630057608862469,0.0401659796355964,-0.00223165704583248
24.2072472451705,4.13875580030792,-0.00195218475469729,0,0,0.00027149939214386,-1.72902715176831e-10,5.18578877789258e-20,-0.0629314083830452,0.0405561526904163,-0.00311890830371055
24.2559539800703,4.13861684462312,-0.00272519379020895,0,0,0.000307092701164411,-1.67494953713104e-10,8.33069937280249e-20,-0.0628561413977454,0.0409436896824009,-0.0040052786673696
24.30466071497,4.13843847375975,-0.00349820282572062,0,0,0.000336217545751853,-1.5144385157997e-10,9.78134334299519e-20,-0.0627799610670296,0.0413285664284614,-0.00489061260489991
24.3533674498697,4.13822068771781,-0.00427121186123228,0,0,0.000358472193121672,-1.2659212154671e-10,9.59592485812749e-20,-0.0627028685408498,0.0417107589181968,-0.00577475482491437
24.4020741847695,4.1379634864973,-0.00504422089674394,0,0,0.000373591134785689,-9.52268177564991e-11,8.05890109820213e-20,-0.0626248649824102,0.04209024331539,-0.00665755030377278
24.4507809196692,4.13766687009822,-0.0058172299322556,0,0,0.000381447087112982,-5.98958096563238e-11,5.6044017091e-20,-0.0625459515681499,0.0424669959594918,-0.00753884431273542
24.499487654569,4.13733083852057,-0.00659023896776727,0,0,0.000382050381948722,-2.3220590232641e-11,2.7301768628341e-20,-0.0624661294877253,0.0428409933671001,-0.00841848244506496
24.5481943894687,4.13695539176435,-0.00736324800327893,0,0,0.000375545814745272,1.22819707750862e-11,-8.40512060082319e-22,-0.0623853999439917,0.0432122122334178,-0.00929631064305236
24.5969011243684,4.13654052982955,-0.00813625703879059,0,0,0.00036220706342439,4.43578372770722e-11,-2.44277806956842e-20,-0.062303764152986,0.0435806294337049,-0.0101721752249805
24.6456078592682,4.13608625271618,-0.00890926607430225,0,0,0.000342428833867021,7.11450279137747e-11,-4.07835953233145e-20,-0.0622212233439075,0.04394622202472,-0.0110459229120055
24.6943145941679,4.13559256042424,-0.00968227510981392,0,0,0.000316716926791684,9.12674659247829e-11,-4.86937917185751e-20,-0.0621377787591001,0.0443089672461444,-0.0119174008549576
24.7430213290676,4.13505945295373,-0.0104552841453256,0,0,0.000285676455194301,1.0388987816517e-10,-4.83508025234006e-20,-0.0620534316540332,0.0446688425220001,-0.01278645666106
24.7917280639674,4.13448693030465,-0.0112282931808372,0,0,0.000249998470938057,1.08732995298596e-10,-4.11043450876694e-20,-0.0619681832972832,0.0450258254620564,-0.0136529384205531
24.8404347988671,4.133874992477,-0.0120013022163489,0,0,0.000210445283062786,1.0605097744382e-10,-2.90848614771133e-20,-0.061882034970514,0.0453798938632159,-0.0145166947332251
24.8891415337669,4.13322363947078,-0.0127743112518606,0,0,0.000167834768601068,9.65753379617385e-11,-1.47739453187771e-20,-0.0617949879684581,0.0457310257108998,-0.0153775747348476
24.9378482686666,4.13253287128598,-0.0135473202873722,0,0,0.000123023988928166,8.14315316978381e-11,-5.91922232246504e-22,-0.0617070435988972,0.0460791991804115,-0.0162354281234986
24.9865550035663,4.13180268792261,-0.0143203293228839,0,0,7.68924308366314e-05,6.20357215276634e-11,1.14407731374353e-20,-0.0616182031826421,0.0464243926382943,-0.0170901051857832
25.0352617384661,4.13103308938067,-0.0150933383583956,0,0,3.03251916299106e-05,3.99799899102602e-11,1.99313241472082e-20,-0.0615284680535134,0.0467665846436732,-0.0179414568229412
25.0839684733658,4.13022407566016,-0.0158663473939072,0,0,-1.58035782988827e-05,1.69144145405308e-11,2.42160667677336e-20,-0.0614378395583214,0.0471057539495873,-0.0187893345768312
25.1326752082656,4.12937564676108,-0.0166393564294189,0,0,-6.06466734609213e-05,-5.56598667702314e-12,2.43411040401708e-20,-0.0613463190568455,0.0474418795043048,-0.0196335906557973
25.1813819431653,4.12848780268343,-0.0174123654649305,0,0,-0.000103398986779639,-2.60223472091179e-11,2.09438419293935e-20,-0.0612539079218144,0.0477749404526319,-0.0204740779604091
25.230088678065,4.12756054342721,-0.0181853745004422,0,0,-0.000143311555367986,-4.32552975174645e-11,1.50681038554726e-20,-0.061160607538885,0.0481049161372024,-0.0213106501090662
25.2787954129648,4.12659386899241,-0.0189583835359539,0,0,-0.000179704261563571,-5.63663783501484e-11,7.94989353445456e-21,-0.0610664193066222,0.0484317860997599,-0.0221431614634711
25.3275021478645,4.12558777937904,-0.0197313925714655,0,0,-0.000211976982280836,-6.47950897881283e-11,8.09258715408286e-22,-0.0609713446364773,0.0487555300824243,-0.0229714671539593
25.3762088827643,4.1245422745871,-0.0205044016069772,0,0,-0.000239619013006152,-6.83309295915524e-11,-5.32275536543687e-21,-0.0608753849527674,0.0490761280289453,-0.0237954231046849
25.424915617664,4.12345735461659,-0.0212774106424889,0,0,-0.000262216628538126,-6.71014708526188e-11,-9.72269072387371e-21,-0.0607785416926539,0.0493935600859443,-0.0246148860586606
25.4736223525637,4.12233301946751,-0.0220504196780005,0,0,-0.000279458680143183,-6.15390311508649e-11,-1.20303165758395e-20,-0.0606808163061208,0.0497078066041439,-0.0254297136026384
25.5223290874635,4.12116926913986,-0.0228234287135122,0,0,-0.000291140167419315,-5.23297086130164e-11,-1.22432356118314e-20,-0.0605822102559535,0.05001884813958,-0.0262397641918379
25.5710358223632,4.11996610363363,-0.0235964377490238,0,0,-0.00029716376209897,-4.03494444287915e-11,-1.06608491309818e-20,-0.0604827250177164,0.0503266654548069,-0.0270448971745106
25.6197425572629,4.11872352294884,-0.0243694467845355,0,0,-0.000297539299545406,-2.6592283172593e-11,-7.79372321329107e-21,-0.0603823620797309,0.050631239520082,-0.0278449728163354
25.6684492921627,4.11744152708547,-0.0251424558200472,0,0,-0.000292381291099012,-1.20961354361954e-11,-4.25684918939902e-21,-0.0602811229430536,0.0509325515145444,-0.0286398523246492
25.7171560270624,4.11612011604353,-0.0259154648555588,0,0,-0.000281904546040668,2.12887907770877e-12,-6.64695444158194e-22,-0.0601790091214535,0.0512305828273738,-0.0294293978724977
25.7658627619622,4.11475928982302,-0.0266884738910705,0,0,-0.00026641802513533,1.51649742938502e-11,2.45713001274659e-21,-0.0600760221413892,0.051525315058942,-0.0302134726225115
25.8145694968619,4.11335904842394,-0.0274614829265822,0,0,-0.000246317077936256,2.62403958181155e-11,4.73351193926929e-21,-0.0599721635419867,0.0518167300219445,-0.0309919407505946
25.8632762317616,4.11191939184629,-0.0282344919620938,0,0,-0.000222074242771414,3.47695337061725e-11,5.97009414846087e-21,-0.0598674348750158,0.0521048097425226,-0.0317646674694307
25.9119829666614,4.11044032009006,-0.0290075009976055,0,0,-0.000194228811176995,4.03778069641804e-11,6.15276648674681e-21,-0.0597618377048673,0.0523895364613697,-0.032531519051794
